"Player","Team","Positions","AB","R","HR","RBI","SB","AVG","OBP","H","2B","3B","BB","SO","SLG","OPS"
"Shohei Ohtani","LAD","DH,SP","572","124","47","111","24",".283",".382","162","28","5","92","164",".599",".981"
"Aaron Judge","NYY","RF,DH","521","110","46","114","9",".292",".417","152","26","1","112","160",".610","1.026"
"Bobby Witt Jr.","KC","SS","604","101","29","93","34",".292",".345","177","38","6","49","114",".518",".863"
"Juan Soto","NYM","RF","543","109","37","99","21",".273",".408","148","25","1","123","121",".532",".940"
"Jose Ramirez","CLE","3B,DH","580","91","28","89","33",".274",".344","159","33","3","62","76",".483",".827"
"Ronald Acuna Jr.","ATL","RF","540","106","30","80","25",".282",".384","152","25","2","88","131",".504",".888"
"Julio Rodriguez","SEA","CF","608","94","30","94","27",".272",".324","165","29","3","47","146",".477",".801"
"Elly De La Cruz","CIN","SS","585","94","24","82","41",".261",".333","153","31","6","63","174",".457",".790"
"Kyle Tucker","LAD","RF","530","95","30","93","21",".270",".368","143","28","2","82","91",".500",".867"
"Fernando Tatis Jr.","SD","RF","566","97","28","81","25",".270",".350","153","28","2","71","128",".480",".831"
"Gunnar Henderson","BAL","SS","584","98","27","87","23",".273",".347","159","33","4","67","140",".483",".830"
"Vladimir Guerrero Jr.","TOR","1B,DH","579","94","30","97","5",".295",".375","171","32","1","74","91",".513",".888"
"Corbin Carroll","ARI","RF","538","98","25","81","33",".259",".339","140","27","10","65","128",".493",".832"
"Junior Caminero","TB","3B","583","83","37","104","6",".268",".318","156","27","1","43","123",".508",".826"
"Jackson Chourio","MIL","LF,CF,RF","584","88","24","84","24",".271",".316","158","34","4","40","128",".463",".779"
"Cal Raleigh","SEA","C,DH","542","87","40","101","8",".233",".326","126","23","0","76","168",".497",".823"
"Nick Kurtz","ATH","1B","516","91","37","94","3",".261",".347","134","27","2","69","174",".527",".874"
"Kyle Schwarber","PHI","DH","556","98","42","103","6",".231",".346","129","20","1","98","189",".497",".844"
"Jazz Chisholm Jr.","NYY","2B,3B","518","78","28","78","31",".241",".314","125","19","2","56","154",".446",".760"
"Pete Alonso","BAL","1B","582","85","36","104","2",".254",".325","148","29","1","60","150",".498",".823"
"Trea Turner","PHI","SS","579","89","18","71","27",".282",".328","164","29","4","41","116",".440",".768"
"Francisco Lindor","NYM","SS","563","93","25","78","23",".260",".326","146","28","1","56","117",".451",".777"
"Ketel Marte","ARI","2B,DH","536","89","27","84","5",".275",".355","148","29","2","67","101",".490",".845"
"Yordan Alvarez","HOU","LF,DH","472","80","30","85","3",".293",".383","138","27","1","69","93",".548",".931"
"James Wood","WSH","LF,DH","550","83","26","82","16",".260",".348","143","31","2","74","184",".463",".811"
"Bryce Harper","PHI","1B","535","83","27","87","10",".272",".362","146","32","1","76","134",".488",".850"
"Zach Neto","LAA","SS","562","86","27","77","27",".253",".306","142","31","1","43","153",".453",".759"
"Manny Machado","SD","3B","575","79","26","89","9",".264",".324","152","27","0","52","124",".452",".776"
"Pete Crow-Armstrong","CHC","CF","566","83","24","81","33",".249",".292","141","29","5","34","148",".445",".737"
"Matt Olson","ATL","1B","581","88","30","94","1",".252",".342","147","31","1","80","161",".466",".807"
"Brent Rooker","ATH","RF,DH","574","87","33","97","6",".264",".335","151","31","2","61","162",".499",".833"
"Rafael Devers","SF","1B,DH","567","89","30","92","2",".254",".347","144","29","1","82","160",".467",".815"
"Mookie Betts","LAD","SS","547","90","22","83","9",".270",".349","148","30","3","67","75",".455",".803"
"Wyatt Langford","TEX","LF,CF","532","84","24","75","22",".255",".342","136","28","2","71","141",".451",".792"
"Freddie Freeman","LAD","1B","556","86","23","88","8",".280",".355","156","35","2","66","119",".471",".826"
"Roman Anthony","BOS","LF,RF","521","85","18","68","10",".269",".363","140","31","3","78","149",".441",".804"
"Brice Turang","MIL","2B","570","81","15","66","29",".259",".328","148","25","3","59","132",".385",".712"
"Josh Naylor","SEA","1B,DH","544","73","22","86","17",".265",".326","144","28","0","50","90",".437",".763"
"Austin Riley","ATL","3B","574","82","28","88","2",".262",".319","150","29","2","48","163",".470",".788"
"Riley Greene","DET","LF,DH","565","81","28","91","4",".259",".326","147","27","3","56","174",".467",".794"
"Jarren Duran","BOS","LF,CF","555","83","17","71","23",".261",".322","145","35","7","50","143",".441",".763"
"CJ Abrams","WSH","SS","563","82","19","66","31",".252",".300","142","30","4","38","119",".419",".719"
"Jackson Merrill","SD","CF","556","77","22","80","8",".269",".318","150","31","4","40","116",".460",".779"
"William Contreras","MIL","C,DH","527","78","19","77","6",".267",".354","141","28","1","70","117",".436",".789"
"Cody Bellinger","NYY","LF,CF,RF","543","78","23","82","11",".259",".321","141","25","3","50","92",".442",".763"
"Vinnie Pasquantino","KC","1B,DH","566","74","27","93","1",".262",".324","148","31","1","52","93",".466",".790"
"Maikel Garcia","KC","3B","580","82","13","66","26",".271",".333","157","32","4","54","96",".405",".738"
"Shea Langeliers","ATH","C","473","69","28","78","5",".254",".311","120","25","1","39","118",".491",".802"
"Byron Buxton","MIN","CF","475","79","28","72","17",".250",".309","119","25","4","41","144",".493",".802"
"Corey Seager","TEX","SS","472","73","27","78","2",".273",".355","129","24","0","60","100",".498",".852"
"Geraldo Perdomo","ARI","SS","552","87","13","65","21",".265",".355","146","28","4","77","85",".400",".754"
"George Springer","TOR","RF,DH","516","83","24","73","14",".260",".335","134","23","2","59","115",".452",".787"
"Bo Bichette","NYM","SS","573","77","18","80","6",".287",".333","164","32","2","40","101",".441",".774"
"Ben Rice","NYY","C,1B,DH","463","71","26","73","4",".246",".323","114","23","2","53","113",".472",".795"
"Hunter Goodman","COL","C,DH","508","68","28","83","2",".256",".303","130","28","3","34","144",".486",".789"
"Randy Arozarena","SEA","LF","569","84","23","75","24",".233",".312","133","27","1","65","170",".404",".715"
"Seiya Suzuki","CHC","RF,DH","529","76","25","83","7",".256",".336","135","27","3","64","151",".460",".796"
"Jeremy Pena","HOU","SS","552","77","17","68","17",".274",".317","151","28","2","36","108",".423",".740"
"Eugenio Suarez","CIN","3B","543","77","34","94","3",".234",".300","127","23","1","51","179",".471",".771"
"Tyler Soderstrom","ATH","1B,LF","520","70","25","81","5",".257",".321","134","27","1","49","134",".456",".777"
"Michael Harris II","ATL","CF","534","68","20","72","18",".269",".302","144","26","3","25","111",".447",".749"
"Oneil Cruz","PIT","CF","475","70","22","65","28",".236",".317","112","22","3","56","161",".435",".752"
"Alex Bregman","CHC","3B","565","81","22","79","2",".254",".332","143","28","1","67","91",".424",".755"
"Nico Hoerner","CHC","2B","570","75","7","57","26",".278",".326","159","28","3","40","59",".376",".702"
"Teoscar Hernandez","LAD","RF","528","72","27","85","6",".258",".306","136","27","1","37","154",".469",".776"
"Michael Busch","CHC","1B","514","77","27","79","3",".249",".327","128","25","3","60","145",".465",".792"
"Christian Yelich","MIL","DH","517","75","20","76","16",".259",".339","134","22","1","64","141",".417",".757"
"Jose Altuve","HOU","2B,LF,DH","553","78","20","70","12",".264",".325","146","26","1","51","106",".423",".748"
"Trevor Story","BOS","SS","544","73","20","74","22",".249",".294","136","26","1","35","158",".414",".708"
"Willy Adames","SF","SS","575","82","27","84","12",".234",".317","134","26","1","70","165",".424",".741"
"Salvador Perez","KC","C,1B,DH","541","61","26","87","0",".252",".290","136","25","1","30","121",".451",".740"
"Yandy Diaz","TB","1B,DH","556","77","20","75","2",".286",".352","159","28","1","58","94",".445",".797"
"Kyle Stowers","MIA","LF,RF","502","68","25","78","4",".245",".316","123","24","3","53","158",".450",".766"
"Drake Baldwin","ATL","C","478","64","19","73","1",".263",".331","126","22","1","49","96",".439",".770"
"Jo Adell","LAA","CF,RF","515","68","31","83","9",".236",".289","121","22","2","39","153",".463",".752"
"Luke Keaschall","MIN","2B","475","67","11","58","24",".268",".338","127","26","2","51","91",".400",".737"
"Will Smith","LAD","C","424","68","19","67","2",".261",".348","110","21","1","57","96",".454",".802"
"Luis Robert Jr.","NYM","CF","480","66","20","65","30",".236",".293","113","20","1","40","147",".406",".699"
"Brandon Nimmo","TEX","LF","550","80","21","72","9",".252",".323","138","25","2","59","138",".420",".743"
"Agustin Ramirez","MIA","C,DH","475","63","19","66","13",".245",".301","117","26","1","38","102",".425",".726"
"Andy Pages","LAD","LF,CF,RF","525","72","23","78","10",".257",".304","135","28","2","36","127",".450",".754"
"Taylor Ward","BAL","LF","556","79","27","83","5",".242",".322","134","26","2","65","154",".441",".762"
"Ozzie Albies","ATL","2B","544","70","18","70","11",".251",".308","137","27","2","44","89",".407",".715"
"Lawrence Butler","ATH","CF,RF","511","73","21","68","19",".243",".310","124","26","2","50","148",".426",".736"
"Matt Chapman","SF","3B","538","80","24","77","9",".239",".326","128","28","2","70","153",".433",".759"
"Jakob Marsee","MIA","CF","501","71","13","55","33",".234",".322","118","23","4","66","126",".370",".692"
"Ceddanne Rafaela","BOS","2B,CF","529","71","17","66","21",".255",".289","135","29","4","26","121",".417",".706"
"Jacob Wilson","ATH","SS","533","71","12","67","6",".297",".336","158","31","1","32","48",".424",".760"
"Steven Kwan","CLE","LF","582","81","10","56","18",".275",".341","160","27","3","58","59",".379",".719"
"Dansby Swanson","CHC","SS","566","76","21","73","15",".241",".305","136","25","2","52","159",".402",".708"
"Willson Contreras","BOS","1B","489","69","21","75","5",".251",".323","123","25","1","52","142",".442",".765"
"Ian Happ","CHC","LF","552","81","22","77","8",".241",".338","133","30","1","80","151",".419",".756"
"Ivan Herrera","STL","DH","474","67","18","67","9",".271",".348","128","22","1","56","107",".432",".780"
"Brenton Doyle","COL","CF","515","66","18","64","20",".247",".295","127","23","3","36","151",".410",".706"
"Yainer Diaz","HOU","C,DH","489","58","19","68","1",".272",".303","133","24","1","22","89",".442",".745"
"Spencer Torkelson","DET","1B","544","76","27","82","2",".235",".317","128","28","1","66","160",".438",".755"
"Noelvi Marte","CIN","3B,RF","471","62","16","60","15",".253",".300","119","23","2","32","113",".411",".711"
"Bryan Reynolds","PIT","RF,DH","564","73","19","74","5",".254",".320","143","29","3","55","153",".417",".737"
"Xavier Edwards","MIA","2B,SS","530","70","4","46","27",".280",".342","148","23","4","49","81",".360",".701"
"Brandon Lowe","PIT","2B","479","67","23","70","4",".244",".306","117","22","1","44","134",".438",".744"
"Dylan Crews","WSH","RF","510","66","16","62","25",".239",".294","122","21","4","40","124",".392",".686"
"Jonathan Aranda","TB","1B","491","68","20","72","1",".264",".338","129","24","1","56","139",".433",".771"
"Adley Rutschman","BAL","C","492","66","17","66","1",".252",".336","124","25","1","62","89",".415",".750"
"Ezequiel Tovar","COL","SS","581","76","20","72","8",".263",".300","153","34","4","31","154",".437",".738"
"Alec Burleson","STL","1B,LF,RF,DH","529","65","20","74","6",".272",".323","144","26","1","41","83",".437",".760"
"Christian Walker","HOU","1B","517","67","26","78","3",".233",".296","121","22","1","47","147",".427",".723"
"Chandler Simpson","TB","LF,CF","416","54","1","33","41",".284",".325","118","15","3","25","48",".344",".669"
"Heliot Ramos","SF","LF","550","74","21","73","6",".255",".312","140","24","2","46","145",".423",".735"
"Matt McLain","CIN","2B","496","69","17","59","17",".235",".308","117","23","2","53","156",".394",".701"
"Marcus Semien","NYM","2B","542","75","19","70","9",".241",".309","130","23","2","54","99",".395",".704"
"Mike Trout","LAA","RF,DH","433","67","24","66","3",".236",".342","102","17","2","70","155",".452",".794"
"Bryson Stott","PHI","2B","514","68","13","61","24",".256",".322","132","23","3","51","96",".386",".709"
"Royce Lewis","MIN","3B","459","57","19","65","11",".246",".302","113","23","0","37","107",".425",".727"
"Addison Barger","TOR","3B,RF","454","61","19","66","4",".243",".306","111","26","1","41","119",".430",".736"
"Gleyber Torres","DET","2B","559","79","18","69","6",".259",".343","145","26","1","72","110",".403",".746"
"Daylen Lile","WSH","LF,RF","500","66","11","60","14",".267",".315","133","26","8","36","98",".416",".732"
"Sal Stewart","CIN","1B,3B","440","60","18","65","7",".266",".325","117","24","0","38","93",".446",".771"
"Alejandro Kirk","TOR","C","427","52","14","62","1",".270",".343","115","19","0","47","59",".421",".764"
"Jorge Polanco","NYM","2B,DH","456","62","21","70","5",".248",".319","113","21","0","48","104",".435",".754"
"Konnor Griffin","PIT","SS","390","57","11","50","20",".257",".303","100","17","2","26","109",".394",".697"
"Munetaka Murakami","CWS","3B","482","70","28","75","9",".223",".326","107","16","1","75","187",".440",".767"
"Daulton Varsho","TOR","CF","490","70","25","74","8",".225",".286","110","22","3","42","138",".435",".721"
"Wilyer Abreu","BOS","RF","436","62","20","68","8",".247",".326","108","23","1","51","121",".448",".774"
"Isaac Paredes","HOU","3B","427","60","20","64","1",".243",".332","104","19","1","56","83",".432",".764"
"Jackson Holliday","BAL","2B","447","67","14","51","13",".250",".327","112","21","2","50","109",".400",".727"
"Kazuma Okamoto","TOR","3B","480","62","23","73","2",".247",".319","118","24","0","52","105",".445",".763"
"Kerry Carpenter","DET","LF,RF,DH","438","61","23","70","2",".255",".301","112","19","3","30","113",".472",".774"
"Luis Garcia","WSH","2B","466","58","15","62","14",".269",".310","125","24","2","28","78",".426",".736"
"Colson Montgomery","CWS","SS","506","66","24","73","3",".220",".286","111","20","2","48","168",".406",".692"
"Jac Caglianone","KC","RF","435","57","19","62","3",".245",".305","107","19","1","37","107",".429",".734"
"Adolis Garcia","PHI","RF","519","67","24","78","11",".236",".288","122","25","1","38","148",".431",".719"
"Kyle Manzardo","CLE","1B,DH","449","57","23","68","2",".238",".313","107","23","1","49","119",".444",".757"
"Xander Bogaerts","SD","SS","519","68","13","59","16",".264",".325","137","26","1","47","102",".395",".720"
"Sal Frelick","MIL","RF","479","63","8","52","16",".265",".325","127","21","3","43","75",".374",".698"
"Trent Grisham","NYY","CF","447","71","24","63","5",".222",".323","99","17","1","67","131",".422",".745"
"Otto Lopez","MIA","2B,SS","526","64","12","61","16",".264",".315","139","25","3","39","86",".390",".705"
"Francisco Alvarez","NYM","C","373","50","20","57","1",".235",".306","88","15","1","39","110",".435",".741"
"Andrew Vaughn","MIL","1B","495","59","19","73","1",".252",".305","125","25","1","39","107",".420",".725"
"Jordan Beck","COL","LF","501","63","16","61","16",".249",".310","125","25","4","44","156",".412",".722"
"Gabriel Moreno","ARI","C","387","52","11","54","4",".277",".346","107","20","1","41","74",".416",".762"
"Max Muncy","LAD","3B","366","57","20","61","3",".224",".339","82","15","1","63","107",".438",".777"
"Caleb Durbin","BOS","3B","467","61","10","54","21",".257",".308","120","25","2","35","56",".382",".690"
"Alec Bohm","PHI","3B","521","64","14","72","3",".274",".322","143","27","2","37","89",".416",".739"
"Ramon Laureano","SD","LF,RF","464","64","19","65","8",".248",".303","115","22","3","37","135",".432",".735"
"Brendan Donovan","SEA","2B","502","67","12","57","5",".269",".333","135","27","1","48","77",".403",".736"
"TJ Friedl","CIN","CF","513","71","14","56","12",".244",".323","125","21","3","60","100",".375",".698"
"Jake Burger","TEX","1B","505","64","26","76","2",".242",".284","122","23","1","29","135",".445",".729"
"Masyn Winn","STL","SS","570","74","14","65","12",".253",".305","144","29","3","42","112",".387",".692"
"Mickey Moniak","COL","CF,RF","436","60","20","64","9",".261",".300","114","21","5","24","116",".472",".772"
"Marcell Ozuna","PIT","DH","462","62","22","70","0",".246",".339","113","20","0","65","127",".430",".770"
"Luis Arraez","SF","1B,DH","568","69","5","56","8",".302",".340","172","29","3","32","26",".392",".732"
"Samuel Basallo","BAL","C","381","50","19","57","2",".242",".304","92","19","1","34","104",".440",".745"
"Colton Cowser","BAL","LF,CF","436","61","19","61","13",".231",".306","101","21","1","47","157",".417",".723"
"Jordan Westburg","BAL","3B","382","57","17","54","4",".260",".307","99","20","2","26","94",".459",".766"
"Carlos Correa","HOU","3B,SS","492","64","16","65","0",".265",".331","131","24","1","48","109",".418",".748"
"Nolan Schanuel","LAA","1B","510","69","13","58","6",".263",".346","134","23","1","65","81",".390",".736"
"J.T. Realmuto","PHI","C","434","55","14","54","7",".252",".301","110","21","2","31","115",".408",".710"
"Josh Lowe","LAA","RF","432","56","14","51","21",".240",".302","104","23","2","38","128",".402",".704"
"JJ Wetherholt","STL","2B,SS","448","60","11","51","13",".250",".324","112","22","1","50","90",".376",".700"
"Kevin McGonigle","DET","SS","408","58","13","52","9",".258",".331","105","23","3","46","68",".423",".754"
"Jose Caballero","NYY","2B,3B,SS,RF","291","41","6","30","33",".223",".301","65","13","1","32","82",".337",".638"
"Spencer Steer","CIN","1B","387","51","14","54","7",".238",".313","92","19","1","42","94",".406",".720"
"Mark Vientos","NYM","3B,DH","413","52","19","62","1",".243",".299","100","19","1","33","119",".435",".734"
"Jung Hoo Lee","SF","CF","518","66","9","57","9",".270",".327","140","29","6","44","63",".403",".730"
"Kyle Teel","CWS","C","361","49","11","43","5",".249",".331","90","16","1","45","106",".385",".716"
"Jasson Dominguez","NYY","LF","197","29","7","26","10",".245",".321","48","8","1","20","54",".403",".724"
"Carter Jensen","KC","C,DH","331","45","12","46","4",".248",".322","82","16","2","38","96",".411",".734"
"Matt Shaw","CHC","3B","255","36","8","31","11",".242",".311","62","11","2","25","56",".402",".712"
"Brett Baty","NYM","2B,3B","398","51","16","52","5",".243",".306","97","15","1","36","107",".409",".716"
"Chase DeLauter","CLE","LF,RF","402","50","12","49","3",".245",".314","98","21","1","40","81",".394",".708"
"Miguel Vargas","CWS","1B,3B","504","70","17","64","7",".236",".317","119","28","2","60","107",".403",".720"
"Andres Gimenez","TOR","2B","510","62","11","56","20",".247",".292","126","23","2","32","98",".368",".660"
"Josh Bell","MIN","1B,DH","481","61","20","66","1",".248",".327","119","21","1","56","102",".418",".744"
"Ryan O'Hearn","PIT","1B,RF,DH","460","60","14","60","3",".265",".333","122","23","1","47","97",".412",".745"
"Giancarlo Stanton","NYY","RF,DH","360","47","24","65","0",".228",".301","82","13","0","39","128",".464",".765"
"Justin Crawford","PHI","LF,CF","392","54","6","39","22",".270",".323","106","19","3","32","92",".373",".696"
"Willi Castro","COL","2B,3B,LF,RF","453","64","12","50","14",".254",".316","115","22","4","41","115",".402",".719"
"Jeff McNeil","ATH","2B,CF","480","61","12","58","4",".261",".322","125","26","3","43","67",".404",".726"
"Dillon Dingler","DET","C","381","45","13","50","1",".248",".297","95","19","2","27","103",".403",".699"
"Cedric Mullins II","TB","CF","407","54","14","51","20",".225",".297","92","19","2","42","103",".382",".679"
"Colt Keith","DET","2B,3B,DH","450","62","15","59","3",".261",".327","117","22","3","44","104",".421",".748"
"Matt Wallner","MIN","RF","409","59","22","63","5",".230",".313","94","21","2","49","144",".454",".766"
"Logan O'Hoppe","LAA","C","409","47","18","52","2",".231",".284","94","14","1","30","126",".408",".692"
"Ernie Clement","TOR","2B,3B,SS","525","65","10","58","8",".267",".299","140","28","2","25","58",".387",".686"
"Anthony Volpe","NYY","SS","413","53","13","49","17",".229",".288","95","21","3","35","111",".389",".677"
"Austin Wells","NYY","C","390","49","18","57","4",".224",".291","88","19","1","37","109",".414",".705"
"Brooks Lee","MIN","2B,3B,SS","501","56","14","60","4",".246",".295","123","23","1","35","94",".381",".676"
"Brandon Marsh","PHI","LF,CF","421","58","13","54","11",".256",".329","108","21","3","47","134",".412",".741"
"Evan Carter","TEX","CF","402","58","12","48","20",".240",".318","96","18","3","47","103",".391",".709"
"Tommy Edman","LAD","2B,CF","403","53","12","49","8",".244",".294","98","19","2","29","77",".393",".687"
"Tyler Stephenson","CIN","C","379","48","14","52","1",".236",".311","89","18","1","42","119",".399",".711"
"Bryce Eldridge","SF","DH","356","41","15","52","1",".233",".299","83","16","0","33","117",".409",".707"
"Lars Nootbaar","STL","LF,RF","434","61","14","52","5",".243",".334","105","21","2","59","101",".401",".735"
"Carson Benge","NYM","LF,CF,RF","330","45","9","39","8",".237",".308","78","15","2","33","79",".380",".688"
"J.P. Crawford","SEA","SS","520","66","11","56","5",".242",".330","126","24","1","69","114",".357",".686"
"Jake Cronenworth","SD","2B","501","65","13","60","4",".235",".319","118","25","2","62","114",".376",".695"
"Spencer Horwitz","PIT","1B","426","58","11","55","2",".264",".346","113","26","1","53","86",".407",".753"
"Cam Smith","HOU","RF","424","54","11","50","7",".242",".306","103","20","2","40","122",".378",".685"
"Nick Castellanos","SD","RF","335","41","11","45","3",".249",".294","84","16","1","21","84",".406",".700"
"Nolan Arenado","ARI","3B","510","60","16","68","3",".251",".304","128","24","1","38","78",".398",".701"
"Ryan Jeffers","MIN","C,DH","435","56","15","57","2",".245",".317","107","23","1","46","103",".406",".723"
"Dominic Canzone","SEA","RF","374","46","15","51","4",".243",".300","91","17","1","30","94",".415",".714"
"Chase Meidroth","CWS","2B,SS","469","64","7","43","13",".253",".335","119","19","1","58","82",".345",".681"
"Marcelo Mayer","BOS","3B","383","49","11","46","6",".243",".300","93","22","2","30","98",".401",".701"
"Jordan Lawlar","ARI","3B","371","49","9","42","15",".238",".304","88","21","3","35","110",".381",".685"
"Jonathan India","KC","2B,3B,LF,DH","451","62","12","50","6",".245",".324","110","24","1","52","99",".383",".707"
"Victor Scott","STL","CF","464","57","7","41","34",".223",".285","103","18","3","40","115",".319",".604"
"Harrison Bader","SF","LF,CF","443","57","14","52","14",".246",".295","109","19","2","31","116",".389",".684"
"Anthony Santander","TOR","RF,DH","125","18","7","20","0",".226",".302","28","5","0","13","30",".431",".733"
"Jordan Walker","STL","RF","463","53","14","55","9",".235",".293","109","23","2","38","135",".385",".679"
"Owen Caissie","MIA","RF","366","46","12","46","4",".237",".312","87","19","2","41","128",".396",".708"
"Josh Jung","TEX","3B","481","56","17","63","4",".248",".290","119","23","1","29","131",".405",".696"
"Dylan Beavers","BAL","LF,RF","343","49","12","42","11",".242",".332","83","16","2","46","94",".403",".735"
"Moises Ballesteros","CHC","DH","310","37","9","41","1",".262",".323","81","15","1","28","60",".400",".723"
"Jesus Sanchez","TOR","LF,RF","375","51","14","50","9",".246",".310","92","18","2","35","98",".420",".729"
"Lenyn Sosa","CWS","1B,2B","377","41","13","48","2",".250",".282","94","16","1","16","86",".405",".687"
"Ryan McMahon","NYY","3B","429","54","17","54","3",".216",".302","92","18","1","54","153",".377",".679"
"Jorge Soler","LAA","RF,DH","419","56","21","60","1",".227",".307","95","19","0","49","129",".423",".730"
"Isaac Collins","KC","LF","368","51","8","44","15",".242",".332","89","19","3","49","87",".376",".708"
"Edgar Quero","CWS","C,DH","384","43","9","44","1",".254",".322","98","17","0","39","79",".369",".690"
"Tyler O'Neill","BAL","RF","343","48","18","51","5",".233",".312","80","14","1","39","110",".439",".751"
"Mike Yastrzemski","ATL","RF","404","55","15","51","5",".229",".315","92","20","2","50","106",".410",".725"
"Josh Smith","TEX","1B,3B,SS","450","61","10","46","9",".245",".317","110","22","2","48","98",".367",".684"
"Carlos Narvaez","BOS","C","362","44","12","45","3",".228",".303","83","18","0","39","107",".373",".676"
"Nolan Gorman","STL","2B,3B,DH","452","57","21","64","3",".215",".294","97","18","1","51","163",".401",".695"
"Andrew Benintendi","CWS","LF,DH","445","54","16","57","3",".248",".313","111","20","1","42","85",".401",".714"
"Gavin Sheets","SD","LF,DH","427","49","15","57","2",".240",".303","103","22","1","38","94",".397",".700"
"Trevor Larnach","MIN","RF,DH","380","50","13","50","3",".247",".324","94","18","1","43","100",".408",".732"
"Joey Ortiz","MIL","SS","494","61","10","54","13",".244",".300","121","25","3","39","93",".371",".671"
"Connor Norby","MIA","3B","431","55","14","53","9",".245",".298","106","22","2","33","124",".398",".697"
"Zach McKinstry","DET","3B,SS,RF","358","48","8","37","13",".238",".302","85","16","5","34","86",".373",".675"
"Coby Mayo","BAL","1B","214","29","9","30","2",".231",".302","49","10","1","21","62",".419",".721"
"Victor Robles","SEA","RF","285","37","5","29","18",".244",".295","70","14","1","20","68",".355",".650"
"Parker Meadows","DET","CF","379","52","11","41","12",".229",".301","87","15","5","39","105",".379",".680"
"Nasim Nunez","WSH","2B,SS","314","39","4","28","26",".228",".303","72","10","1","34","81",".308",".610"
"Paul Goldschmidt","NYY","1B","319","42","11","40","4",".249",".312","79","16","0","29","81",".405",".717"
"Austin Hays","CWS","LF,DH","420","54","14","54","6",".246",".297","103","22","2","31","113",".411",".707"
"Jake Mangum","PIT","LF,CF,RF","310","34","3","30","13",".273",".308","85","16","2","15","55",".362",".670"
"Bo Naylor","CLE","C","384","50","16","50","4",".218",".300","84","19","1","46","107",".394",".694"
"Nick Gonzales","PIT","2B","363","44","7","41","2",".259",".307","94","21","3","25","80",".396",".702"
"Jared Triolo","PIT","1B,3B,SS","419","53","8","43","12",".243",".320","102","20","2","48","106",".361",".681"
"Carson Kelly","CHC","C","321","40","12","42","2",".235",".309","75","12","1","34","73",".389",".698"
"Jake Meyers","HOU","CF","407","53","9","43","13",".250",".310","102","19","2","36","93",".373",".683"
"Triston Casas","BOS","1B","164","22","8","24","0",".240",".334","39","8","0","22","46",".432",".766"
"Romy Gonzalez","BOS","1B,2B","210","28","7","29","6",".268",".310","56","11","1","13","56",".429",".739"
"Freddy Fermin","SD","C","389","43","9","41","2",".242",".292","94","15","1","28","84",".353",".645"
"Ke'Bryan Hayes","CIN","3B","461","51","9","47","10",".242",".294","112","19","2","34","100",".352",".646"
"Wenceel Perez","DET","CF,RF","384","50","12","45","10",".239",".300","92","17","4","34","90",".394",".695"
"Ha-Seong Kim","ATL","SS","322","43","8","36","14",".241",".323","78","14","1","39","67",".366",".688"
"Luis Rengifo","MIL","2B,3B","392","45","9","42","11",".251",".300","99","15","2","28","77",".368",".668"
"Jake McCarthy","COL","LF","331","46","6","34","15",".267",".317","89","14","4","24","60",".395",".712"
"Luisangel Acuna","CWS","2B","360","45","5","32","22",".247",".292","89","15","2","23","72",".339",".631"
"Brady House","WSH","3B","464","50","13","54","6",".242",".278","112","21","1","23","136",".374",".652"
"Jacob Melton","TB","LF,CF","133","17","4","15","8",".219",".280","29","6","0","11","40",".358",".638"
"Christian Moore","LAA","2B","357","43","11","40","6",".227",".297","81","13","2","35","120",".369",".666"
"Kristian Campbell","BOS","2B","140","19","4","17","2",".253",".330","35","6","0","16","39",".378",".708"
"Sean Murphy","ATL","C","313","40","15","45","0",".220",".300","69","13","0","35","97",".410",".710"
"Lane Thomas","KC","CF","363","48","12","46","14",".234",".296","85","18","2","33","104",".394",".691"
"Joc Pederson","TEX","DH","337","48","16","49","3",".232",".321","78","14","1","45","89",".429",".751"
"Harry Ford","WSH","C","229","29","6","27","5",".230",".316","53","10","0","29","61",".350",".666"
"Patrick Bailey","SF","C","426","47","9","47","2",".224",".284","95","19","2","36","124",".340",".624"
"Rhys Hoskins","CLE","1B","329","41","14","47","2",".221",".308","73","14","1","42","102",".401",".709"
"Keibert Ruiz","WSH","C","328","32","8","39","2",".247",".284","81","15","0","17","39",".369",".653"
"Pavin Smith","ARI","1B,DH","360","47","12","47","2",".235",".330","84","18","1","51","105",".389",".719"
"Colt Emerson","SEA","SS","251","31","5","29","5",".235",".300","59","13","1","24","62",".353",".653"
"Lourdes Gurriel Jr.","ARI","LF","356","43","12","49","6",".263",".308","94","18","1","23","62",".424",".732"
"Kody Clemens","MIN","1B,2B","252","33","11","35","3",".228",".286","57","11","2","20","65",".425",".711"
"Javier Baez","DET","3B,SS,CF","348","40","9","42","5",".235",".264","82","15","1","14","90",".366",".630"
"Miguel Andujar","SD","3B,LF,DH","320","36","8","40","2",".269",".310","86","15","1","19","51",".401",".710"
"Denzel Clarke","ATH","CF","333","43","8","34","13",".228",".286","76","16","3","27","118",".365",".652"
"Cole Young","SEA","2B","330","41","7","36","5",".234",".310","77","16","2","37","65",".354",".664"
"Ryan Waldschmidt","ARI","LF,CF,RF","133","20","3","16","5",".245",".333","33","6","1","17","34",".377",".710"
"Victor Caratini","MIN","C,DH","304","35","9","38","1",".252",".310","77","12","0","26","61",".384",".694"
"Gabriel Arias","CLE","2B,SS","409","45","12","46","9",".228",".276","93","20","2","27","136",".372",".648"
"Hyeseong Kim","LAD","2B","165","21","3","18","9",".245",".290","40","7","1","10","43",".350",".640"
"Jhostynxon Garcia","PIT","CF","219","28","7","26","3",".233",".285","51","10","1","16","68",".379",".664"
"Mauricio Dubon","ATL","2B,3B,SS,LF","374","44","6","38","3",".256",".295","96","19","1","20","50",".361",".656"
"Sung-Mun Song","SD","3B","261","31","6","29","6",".237",".299","62","12","1","23","52",".359",".658"
"Garrett Mitchell","MIL","CF","318","43","9","35","13",".234",".307","74","14","3","33","104",".378",".685"
"Jake Fraley","TB","RF","319","40","8","36","11",".241",".311","77","15","1","32","74",".370",".681"
"Travis Bazzana","CLE","2B","188","26","5","21","4",".217",".307","41","9","1","24","61",".345",".652"
"Danny Jansen","TEX","C","285","37","13","38","1",".212",".299","61","12","0","35","77",".389",".689"
"Nolan Jones","CLE","CF,RF","112","14","3","13","3",".227",".313","25","5","0","14","38",".367",".680"
"Brayan Rocchio","CLE","2B,SS","425","51","9","46","12",".235",".296","100","22","2","37","87",".356",".652"
"Miguel Amaya","CHC","C","253","29","7","33","1",".233",".289","59","12","1","20","60",".375",".665"
"Christopher Morel","MIA","LF","329","43","14","44","7",".223",".297","74","15","2","35","110",".408",".705"
"Jose Siri","LAA","CF","42","6","2","5","2",".198",".252","8","1","0","3","17",".360",".613"
"Josh Rojas","KC","2B,3B","44","5","1","4","1",".229",".301","10","2","0","5","11",".333",".634"
"David Fry","CLE","DH","176","21","7","23","2",".221",".286","39","8","0","16","53",".384",".670"
"Kris Bryant","COL","DH","63","7","2","7","0",".235",".300","15","3","0","6","18",".350",".651"
"Ben Williamson","TB","3B","211","25","2","21","5",".249",".302","53","11","1","16","50",".342",".644"
"Tyler Freeman","COL","RF,DH","283","40","5","30","13",".275",".334","78","15","1","25","42",".390",".725"
"Ryan Mountcastle","BAL","1B,DH","187","23","7","25","1",".256",".303","48","9","0","13","51",".419",".722"
"Nathaniel Lowe","CIN","1B","170","22","6","24","0",".243",".328","41","7","0","21","49",".391",".719"
"Colby Thomas","ATH","CF,RF","223","29","9","32","4",".236",".282","53","13","1","14","75",".418",".700"
"Davis Schneider","TOR","2B,LF","270","38","12","37","4",".217",".316","59","12","1","39","90",".400",".716"
"Dalton Rushing","LAD","C","178","25","7","26","1",".224",".307","40","8","0","21","58",".392",".699"
"Carson Williams","TB","SS","349","46","14","44","11",".210",".277","73","13","3","32","134",".377",".654"
"Brooks Baldwin","CWS","LF,CF,RF","320","38","11","39","7",".247",".298","79","14","1","24","81",".405",".703"
"Gavin Lux","TB","LF,DH","399","51","7","43","3",".253",".330","101","22","2","46","99",".370",".700"
"Edouard Julien","COL","1B,2B","303","40","9","34","4",".243",".343","74","14","1","46","102",".385",".728"
"CJ Kayfus","CLE","1B,RF","252","33","8","33","3",".238",".309","60","13","2","26","79",".402",".711"
"Liam Hicks","MIA","C,1B,DH","252","29","4","28","1",".241",".325","61","11","1","32","46",".339",".664"
"Zack Gelof","ATH","2B","155","22","6","19","5",".220",".293","34","7","0","16","58",".386",".679"
"Adael Amador","COL","2B","105","14","2","12","4",".245",".322","26","5","0","12","21",".372",".694"
"Kyle Higashioka","TEX","C,DH","244","27","10","33","2",".225",".274","55","11","1","16","66",".398",".671"
"Brice Matthews","HOU","2B","72","10","3","10","4",".215",".297","15","3","0","8","29",".378",".675"
"Charlie Condon","COL","1B","149","18","5","19","1",".239",".302","36","6","1","13","49",".399",".700"
"Alek Thomas","ARI","CF","370","46","9","41","7",".242",".286","89","18","3","23","92",".378",".664"
"Griffin Conine","MIA","LF,RF","299","36","11","38","1",".222",".295","66","13","1","31","110",".375",".670"
"Joey Bart","PIT","C","262","31","7","31","1",".238",".314","63","11","0","29","82",".366",".680"
"Yoan Moncada","LAA","3B","345","43","13","44","1",".239",".311","82","17","1","36","104",".405",".716"
"Adrian Del Castillo","ARI","DH","162","19","6","21","0",".230",".295","37","8","1","15","50",".392",".687"
"Kyle Isbel","KC","CF","399","50","7","40","9",".239",".289","95","18","4","28","85",".361",".650"
"Pedro Pages","STL","C","315","33","9","37","1",".226",".278","71","13","1","23","90",".360",".639"
"Zac Veen","COL","LF,RF","118","15","3","14","4",".244",".303","29","6","1","10","32",".393",".696"
"Max Clark","DET","CF,DH","24","4","1","3","1",".245",".341","6","1","1","3","5",".440",".781"
"Jake Bauers","MIL","1B,LF","251","34","11","35","7",".214",".309","54","11","1","34","87",".395",".704"
"Tim Tawa","ARI","1B,2B,CF","162","20","5","19","4",".223",".287","36","7","1","15","46",".368",".656"
"Jett Williams","MIL","2B,SS,CF","138","20","4","16","6",".223",".305","31","7","1","16","42",".367",".672"
"Jonah Heim","ATL","C,DH","103","12","3","13","0",".225",".283","23","4","0","8","23",".360",".643"
"Christian Encarnacion-Strand","CIN","1B,3B","65","8","3","10","0",".238",".278","16","3","0","4","19",".416",".694"
"Max Muncy","ATH","2B,3B","333","39","10","42","4",".237",".287","79","17","1","23","103",".387",".674"
"Joshua Baez","STL","CF,RF","64","8","2","8","5",".228",".301","15","3","0","7","18",".385",".686"
"Spencer Jones","NYY","CF","42","6","2","6","2",".217",".287","9","2","0","4","19",".412",".698"
"Zach Cole","HOU","LF,RF","296","39","11","38","9",".213",".282","63","13","3","29","129",".386",".668"
"Nathan Lukes","TOR","LF,CF,RF","283","37","6","35","3",".262",".324","74","14","1","26","49",".390",".714"
"Aidan Miller","PHI","SS","60","9","2","7","4",".226",".312","13","3","0","7","19",".357",".668"
"JJ Bleday","CIN","CF,RF","285","39","13","40","2",".228",".312","65","15","1","35","76",".420",".732"
"Javier Sanoja","MIA","2B,3B,LF,RP","202","24","3","23","5",".260",".306","52","11","2","13","23",".386",".692"
"Austin Martin","MIN","LF","270","36","3","25","12",".254",".336","69","14","1","34","53",".346",".682"
"Blaze Alexander","BAL","3B","250","31","7","29","5",".226",".293","56","11","1","24","87",".357",".649"
"Henry Davis","PIT","C","239","29","7","27","4",".220",".286","53","11","1","22","69",".363",".649"
"Isiah Kiner-Falefa","BOS","3B,SS","186","21","2","18","6",".253",".290","47","8","1","10","34",".336",".626"
"Nick Fortes","TB","C","274","29","7","28","2",".223",".269","61","11","1","17","54",".343",".612"
"Thomas Saggese","STL","2B,SS","226","27","5","25","3",".245",".293","55","11","1","15","63",".373",".667"
"Heriberto Hernandez","MIA","LF,DH","292","38","11","39","3",".223",".304","65","13","1","34","99",".387",".691"
"Edmundo Sosa","PHI","2B,3B","221","28","7","28","3",".250",".282","55","11","2","10","55",".410",".692"
"Joe Mack","MIA","C,DH","224","26","7","28","2",".220",".279","49","9","1","18","68",".366",".646"
"Joey Loperfido","HOU","LF","316","39","9","38","7",".234",".286","74","15","2","23","98",".378",".664"
"Casey Schmitt","SF","2B,3B","208","25","7","27","1",".239",".292","50","10","0","15","53",".396",".688"
"Ronny Mauricio","NYM","3B","140","18","5","17","4",".238",".289","33","6","0","10","39",".388",".677"
"Miguel Rojas","LAD","2B,3B,SS","165","21","3","18","3",".251",".304","41","8","0","12","26",".362",".666"
"Braxton Fulford","COL","C","166","22","5","22","2",".241",".299","40","9","1","14","51",".405",".705"
"Walker Jenkins","MIN","CF","86","12","2","10","3",".247",".325","21","5","0","10","22",".384",".709"
"Jose Trevino","CIN","C","227","24","6","25","1",".236",".282","54","10","0","14","38",".362",".643"
"Jacob Young","WSH","CF","281","34","2","24","16",".247",".300","70","12","2","21","57",".324",".625"
"Troy Johnston","COL","1B,LF,RF","217","28","6","28","7",".254",".306","55","11","2","16","50",".403",".709"
"Carlos Santana","ARI","1B","318","38","10","40","3",".222",".304","70","13","0","38","67",".358",".663"
"Luke Raley","SEA","1B,RF","278","37","11","36","5",".222",".281","62","12","1","23","94",".391",".672"
"Angel Martinez","CLE","2B,CF","253","31","6","28","5",".234",".284","59","13","1","18","59",".366",".649"
"George Valera","CLE","RF,DH","330","41","12","40","2",".224",".303","74","14","1","37","103",".381",".684"
"Connor Wong","BOS","C","204","24","5","22","3",".239",".292","49","10","1","15","56",".370",".662"
"Taylor Walls","TB","SS","267","33","5","27","13",".212",".292","56","12","1","30","71",".321",".612"
"James McCann","ARI","C","178","20","5","22","1",".236",".280","42","8","0","11","50",".375",".654"
"Starling Marte","KC","DH","230","29","5","26","7",".262",".309","60","10","1","16","53",".387",".696"
"Luis Torrens","NYM","C","204","22","5","24","1",".237",".289","48","9","1","15","50",".370",".659"
"Travis d'Arnaud","LAA","C","197","21","7","24","0",".217",".267","43","9","0","14","61",".378",".646"
"Jonny DeLuca","TB","CF","250","30","7","28","10",".229",".283","57","11","2","19","57",".376",".659"
"David Hamilton","MIL","2B","180","25","5","19","18",".216",".284","39","7","1","17","51",".354",".639"
"Gary Sanchez","MIL","C","143","18","7","23","0",".220",".287","31","5","0","13","44",".409",".696"
"Jimmy Crooks III","STL","C","96","11","2","12","0",".237",".296","23","4","0","8","29",".358",".654"
"Hunter Feduccia","TB","C","220","25","4","23","1",".216",".304","47","10","1","28","64",".327",".631"
"Jeferson Quero","MIL","C,DH","32","4","1","5","0",".226",".293","7","1","0","3","7",".348",".641"
"Amed Rosario","NYY","2B,3B","207","25","4","24","4",".261",".295","54","10","1","10","40",".380",".674"
"Jake Rogers","DET","C","178","22","6","23","1",".211",".278","37","8","1","17","58",".372",".650"
"Ramon Urias","STL","2B,3B","259","30","8","31","2",".244",".301","63","12","1","21","64",".388",".689"
"Dane Myers","CIN","CF,RF","210","26","6","25","9",".242",".297","51","8","0","17","59",".371",".668"
"Yohel Pozo","STL","C","162","17","4","20","1",".251",".277","41","9","0","6","22",".391",".668"
"Abimelec Ortiz","WSH","1B,RF,DH","209","26","8","28","1",".226",".290","47","9","1","19","61",".393",".683"
"Tyrone Taylor","NYM","CF","252","31","6","27","8",".228",".268","58","13","2","14","63",".366",".634"
"Eric Wagaman","MIN","1B,LF","130","16","4","16","1",".250",".302","33","8","0","10","29",".399",".700"
"Michael Massey","KC","2B","253","28","7","30","2",".244",".282","62","12","1","13","50",".387",".668"
"Graham Pauley","MIA","3B","267","32","8","31","4",".225",".294","60","13","1","26","62",".371",".665"
"Leo De Vries","ATH","SS","29","4","1","4","0",".229",".296","7","2","0","3","8",".394",".690"
"Will Benson","CIN","LF,RF","202","29","8","28","6",".222",".303","45","9","2","24","72",".412",".716"
"Esteury Ruiz","MIA","LF,RF","113","17","3","13","12",".241",".309","27","5","1","11","29",".373",".682"
"Masataka Yoshida","BOS","DH","196","24","5","27","2",".273",".324","53","11","0","15","29",".411",".736"
"Kyle Karros","COL","3B","224","29","4","24","2",".258",".327","58","13","1","23","60",".383",".710"
"Andres Chaparro","WSH","1B","240","27","9","32","1",".230",".295","55","12","0","22","63",".396",".691"
"Ezequiel Duran","TEX","1B,SS","243","28","5","25","8",".241",".281","59","13","1","14","64",".367",".647"
"Otto Kemp","PHI","1B,3B","210","29","7","29","4",".235",".294","49","11","1","17","67",".396",".689"
"Matt Vierling","DET","CF","237","30","6","27","3",".243",".304","58","11","1","21","61",".378",".682"
"Rob Refsnyder","SEA","RF,DH","204","27","7","27","3",".239",".320","49","10","0","24","62",".393",".712"
"Vaughn Grissom","LAA","2B,SS","190","24","4","20","4",".246",".305","47","9","0","16","42",".362",".667"
"Dylan Moore","","2B,SS,RF","128","19","5","16","8",".208",".288","27","5","1","14","45",".381",".669"
"Austin Wynns","ATH","C","133","15","4","17","1",".229",".279","31","6","0","9","40",".364",".643"
"Luis Campusano","SD","DH","211","27","7","27","1",".240",".313","51","9","0","22","49",".381",".694"
"Robert Hassell III","WSH","CF","236","26","5","24","6",".239",".296","57","10","0","19","63",".340",".636"
"Sam Haggerty","TEX","LF","191","26","3","18","11",".242",".307","46","9","2","18","48",".353",".660"
"Tommy Pham","","LF","181","22","5","21","3",".241",".311","44","8","1","19","46",".371",".682"
"Everson Pereira","CWS","CF","184","25","8","24","4",".222",".287","41","7","1","17","66",".392",".679"
"Emmanuel Rodriguez","MIN","CF","58","10","2","7","2",".218",".348","13","3","0","12","24",".369",".717"
"Jeremiah Jackson","BAL","3B,RF","207","25","7","26","4",".239",".278","49","10","1","11","53",".395",".672"
"Rowdy Tellez","","1B","184","21","9","27","1",".228",".288","42","7","0","15","49",".414",".703"
"Ryan Ritter","COL","2B,SS","217","29","6","26","4",".249",".309","54","11","2","19","66",".398",".707"
"Jesse Winker","","DH","183","24","5","23","3",".235",".335","43","8","1","28","47",".375",".710"
"Rafael Marchan","PHI","C","128","14","3","14","1",".227",".292","29","6","0","12","24",".328",".620"
"Wilmer Flores","","1B,DH","144","16","5","19","0",".230",".294","33","6","0","13","29",".374",".668"
"Kaelen Culpepper","MIN","SS","41","5","1","4","2",".250",".310","10","2","0","4","8",".363",".673"
"Drew Millas","WSH","C","116","13","2","12","3",".242",".301","28","5","1","10","22",".347",".647"
"Dominic Smith","ATL","1B","205","24","5","25","2",".240",".301","49","9","0","18","47",".369",".670"
"Tyler Black","MIL","1B,LF","33","4","1","4","2",".219",".319","7","1","0","5","10",".309",".628"
"J.C. Escarra","NYY","C","118","14","3","13","1",".224",".295","26","6","0","12","25",".349",".644"
"Tyler Locklear","ARI","1B","159","20","5","20","4",".236",".301","38","8","1","15","48",".383",".684"
"Oswald Peraza","LAA","3B","222","27","7","24","8",".215",".273","48","8","0","18","64",".346",".619"
"Kevin Alcantara","CHC","CF","59","8","2","8","1",".230",".303","14","3","0","6","21",".363",".666"
"Tyler Heineman","TOR","C","122","15","2","13","2",".223",".290","27","5","1","12","28",".325",".615"
"Heston Kjerstad","BAL","LF,RF","60","8","2","8","0",".231",".287","14","2","0","5","19",".378",".665"
"Richie Palacios","TB","2B,LF","165","21","3","16","7",".227",".311","37","7","0","20","37",".331",".642"
"Jorge Mateo","ATL","SS,CF","143","19","3","14","13",".223",".268","32","7","1","9","41",".353",".621"
"Jose Tena","WSH","3B","190","21","4","20","6",".247",".301","47","10","1","15","53",".364",".665"
"Braden Montgomery","CWS","CF,RF,DH","127","14","3","14","2",".226",".289","29","7","0","11","43",".358",".647"
"Luis Matos","SF","RF","160","20","5","21","3",".246",".291","39","8","0","10","25",".402",".693"
"Nathan Church","STL","CF,RF","165","21","3","18","4",".249",".298","41","7","1","12","27",".356",".654"
"Mitch Garver","SEA","C,DH","83","10","3","11","0",".203",".295","17","3","0","11","28",".359",".654"
"James Outman","MIN","CF,RF","191","27","7","24","5",".210",".291","40","8","1","22","76",".381",".672"
"Blaine Crim","COL","1B","157","21","6","22","1",".248",".315","39","8","0","15","39",".413",".727"
"Tommy Troy","ARI","2B,CF","63","8","1","7","2",".238",".310","15","3","0","7","16",".352",".662"
"Korey Lee","CWS","C","112","12","3","12","2",".220",".263","25","5","0","6","32",".345",".608"
"Adam Frazier","LAA","2B,LF","206","22","3","19","4",".230",".283","48","9","1","15","42",".326",".608"
"Blake Perkins","MIL","CF","180","23","4","19","7",".220",".300","40","7","1","21","55",".334",".635"
"Daniel Schneemann","CLE","2B,3B,CF","195","24","5","22","4",".217",".295","42","9","1","22","59",".355",".650"
"Christian Vazquez","HOU","C","81","8","2","8","1",".220",".270","18","3","0","6","17",".320",".590"
"Michael Helman","TEX","CF","83","10","2","9","2",".214",".262","18","4","0","5","21",".346",".609"
"Darell Hernaiz","ATH","2B,3B,SS","177","22","2","19","4",".257",".316","46","9","1","15","29",".361",".677"
"Enrique Hernandez","LAD","1B,3B,LF","169","21","5","22","1",".223",".280","38","8","0","13","44",".372",".652"
"Daniel Susac","SF","C","78","8","2","9","1",".227",".270","18","3","0","5","24",".348",".618"
"Andy Ibanez","ATH","3B","172","20","4","20","3",".244",".297","42","9","0","13","37",".375",".672"
"Andrew McCutchen","TEX","DH","162","20","5","19","1",".227",".318","37","7","0","21","44",".371",".689"
"Jose Miranda","SD","3B","43","4","1","4","0",".226",".272","10","2","0","3","9",".335",".608"
"Hector Rodriguez","CIN","LF,RF","20","3","1","2","0",".255",".292","5","1","0","1","4",".364",".657"
"Luke Maile","KC","C","64","7","1","7","1",".216",".290","14","3","0","7","21",".323",".613"
"Eli White","ATL","LF,RF","140","19","4","16","5",".234",".285","33","5","1","10","41",".374",".659"
"Riley Adams","WSH","C","69","7","2","8","0",".211",".270","15","3","0","6","26",".353",".622"
"Jerar Encarnacion","SF","RF","112","13","4","15","1",".227",".290","25","4","0","10","41",".380",".670"
"Tyler Austin","CHC","LF","148","20","7","22","0",".241",".315","36","8","0","16","43",".435",".750"
"Nelson Rada","LAA","CF","65","8","0","5","4",".234",".307","15","2","0","7","17",".299",".607"
"Andrew Knizner","SEA","C","83","9","2","9","0",".215",".276","18","3","0","7","20",".314",".590"
"Michael Conforto","CHC","LF","105","14","4","14","0",".222",".307","23","5","0","13","31",".380",".687"
"Austin Hedges","CLE","C","120","12","3","11","1",".184",".249","22","4","0","10","35",".292",".542"
"Curtis Mead","CWS","1B,3B","83","11","2","9","2",".243",".298","20","4","0","6","20",".375",".673"
"Cesar Salazar","HOU","C","94","10","2","10","1",".204",".276","19","3","0","9","22",".305",".581"
"Alan Roden","MIN","LF","178","24","4","20","3",".253",".320","45","9","1","17","35",".377",".696"
"Drew Gilbert","SF","RF","114","14","3","14","2",".226",".293","26","5","1","11","27",".361",".654"
"Michael Toglia","CIN","1B","47","5","2","6","1",".205",".280","10","2","0","5","19",".391",".670"
"Tom Murphy","","C","54","7","2","7","0",".230",".293","12","3","0","5","17",".406",".699"
"Alejandro Osuna","TEX","LF,RF","68","10","1","8","3",".245",".320","17","3","0","8","18",".358",".679"
"Alex Call","LAD","LF,RF","142","20","4","18","2",".236",".326","34","7","0","19","31",".369",".695"
"Reese McGuire","MIL","C","38","4","1","5","0",".217",".264","8","1","0","2","10",".338",".601"
"Randal Grichuk","NYY","RF,DH","124","16","5","16","0",".239",".287","30","7","0","8","29",".423",".710"
"Ryan Bliss","SEA","2B","83","11","2","9","6",".217",".287","18","4","0","8","25",".345",".632"
"Elias Diaz","KC","C","49","5","1","6","0",".223",".276","11","2","0","4","13",".339",".615"
"Juan Brito","CLE","2B","91","11","2","10","1",".227",".305","21","5","0","10","21",".355",".660"
"Dom Keegan","TB","C,DH","60","7","2","7","0",".225",".285","13","3","0","5","18",".365",".650"
"MJ Melendez","NYM","LF,RF","80","9","3","9","2",".208",".275","17","4","0","7","26",".374",".649"
"Jose Fermin","STL","2B","145","19","3","16","6",".242",".326","35","8","0","18","21",".356",".683"
"Cody Freeman","TEX","2B,RF","161","19","4","18","2",".241",".285","39","8","0","10","27",".369",".655"
"Endy Rodriguez","PIT","C,1B","102","13","2","11","1",".236",".303","24","6","1","10","24",".372",".675"
"Thairo Estrada","BAL","2B","72","8","2","8","1",".242",".276","17","3","0","3","15",".364",".640"
"Jesus Rodriguez","SF","C,3B,DH","56","8","1","6","1",".262",".329","15","2","0","6","11",".355",".684"
"Brandon Lockridge","MIL","LF,CF","68","8","1","6","4",".236",".298","16","3","0","6","20",".329",".627"
"Bryce Teodosio","LAA","CF","194","21","3","17","9",".213",".257","41","8","2","11","66",".314",".571"
"Johnathan Rodriguez","CLE","RF","113","13","4","14","1",".242",".307","27","5","0","11","35",".388",".694"
"Tyler Fitzgerald","SF","2B","69","9","2","8","2",".222",".276","15","3","0","5","24",".373",".649"
"Rece Hinds","CIN","RF","32","4","1","5","1",".235",".281","7","2","0","2","12",".433",".713"
"Tyler Tolbert","KC","CF","111","14","1","10","10",".224",".270","25","5","1","7","31",".314",".584"
"Nick Yorke","PIT","1B,2B","133","17","3","15","3",".251",".307","33","7","0","11","34",".363",".670"
"T.J. Rumfield","COL","3B","174","22","5","21","1",".253",".317","44","9","0","16","39",".385",".702"
"Myles Straw","TOR","LF,CF","157","20","2","14","7",".232",".292","36","7","1","13","34",".314",".606"
"Alex Freeland","LAD","2B,3B","70","9","2","8","2",".215",".305","15","3","0","9","22",".353",".657"
"Jahmai Jones","DET","RF,DH","124","19","4","17","3",".241",".326","30","7","1","16","35",".414",".740"
"Cooper Ingle","CLE","C,DH","15","2","0","1","0",".239",".356","4","1","0","3","3",".340",".695"
"Jon Berti","","3B","118","15","2","10","8",".243",".300","29","4","1","10","28",".329",".629"
"Jarred Kelenic","CWS","RF","93","11","3","10","2",".215",".278","20","4","0","8","30",".361",".638"
"Ty France","SD","1B","115","14","3","14","0",".250",".297","29","5","0","8","24",".379",".676"
"Alex Jackson","MIN","C","44","5","2","5","0",".204",".260","9","2","0","3","15",".364",".624"
"Enrique Bradfield Jr.","BAL","LF,CF","29","4","0","2","4",".230",".326","7","1","0","4","8",".336",".662"
"Max Kepler","","LF,RF","111","14","4","15","1",".237",".306","26","5","0","11","25",".400",".706"
"Carlos Cortes","ATH","LF,RF","125","16","4","16","1",".234",".299","29","7","0","12","30",".392",".691"
"Max Anderson","DET","2B,3B","38","6","1","6","0",".255",".303","10","2","0","3","8",".373",".676"
"Justin Turner","","1B","147","17","3","17","1",".239",".304","35","7","0","14","32",".358",".662"
"Andruw Monasterio","BOS","SS","100","13","2","11","3",".238",".309","24","5","0","10","27",".355",".664"
"Mike Tauchman","NYM","RF","120","17","3","14","1",".230",".325","28","5","0","17","33",".351",".676"
"Mickey Gasper","BOS","C","24","3","1","3","0",".225",".308","5","1","0","3","5",".334",".642"
"Rafael Flores","PIT","1B","53","6","2","6","1",".236",".296","13","2","0","5","16",".392",".688"
"Jose Iglesias","","2B,3B,SS","150","16","2","15","2",".252",".292","38","7","0","9","28",".337",".630"
"Yanquiel Fernandez","NYY","RF,DH","51","5","2","6","0",".222",".271","11","2","0","3","13",".362",".632"
"Kemp Alderman","MIA","RF,DH","15","2","0","2","0",".252",".289","4","1","0","1","4",".343",".632"
"Derek Hill","CWS","CF","102","13","3","11","3",".234",".282","24","4","1","7","32",".375",".657"
"Leo Rivas","SEA","2B","126","17","2","12","6",".217",".329","27","4","0","21","37",".301",".630"
"Ryan Clifford","NYM","1B,LF,RF,DH","45","7","2","7","0",".207",".314","9","2","0","7","17",".377",".691"
"Justyn-Henry Malloy","TB","RF,DH","111","15","3","14","1",".233",".332","26","5","0","17","36",".375",".707"
"Jonathon Long","CHC","1B","36","5","1","5","0",".249",".338","9","1","0","5","9",".364",".702"
"Oswaldo Cabrera","NYY","3B","119","15","3","13","2",".232",".292","28","5","0","10","28",".351",".643"
"Brett Sullivan","COL","C","37","4","1","4","1",".230",".282","8","2","0","3","7",".352",".634"
"Kyle McCann","COL","C","31","3","1","4","0",".211",".280","7","1","0","3","12",".352",".632"
"Leody Taveras","BAL","CF,RF","84","11","2","9","4",".239",".294","20","4","0","7","19",".368",".662"
"Ryan Ward","LAD","1B,2B,LF,RF,DH","17","2","1","2","0",".210",".278","3","1","0","2","5",".357",".635"
"Austin Barnes","NYM","C","28","3","0","2","0",".206",".273","6","1","0","3","7",".265",".538"
"Bryan Torres","STL","2B,LF,RF","34","4","0","3","1",".260",".333","9","2","0","4","7",".320",".653"
"Willie MacIver","TEX","C","27","3","0","3","1",".228",".288","6","1","0","2","8",".325",".613"
"Jorge Alfaro","KC","C","29","3","1","3","1",".208",".237","6","1","0","1","11",".313",".551"
"Chris Taylor","LAA","LF","115","14","3","12","3",".211",".279","24","5","0","11","41",".335",".614"
"Chadwick Tromp","ATL","C","42","4","1","4","0",".204",".256","9","2","0","3","12",".305",".561"
"Henry Bolte","ATH","CF,RF","23","3","0","2","2",".247",".327","6","1","0","3","8",".360",".687"
"Junior Perez","ATH","CF,RF","50","6","2","6","2",".203",".283","10","3","0","6","19",".359",".642"
"Brett Harris","ATH","3B","105","13","3","12","2",".229",".298","24","5","0","10","25",".351",".649"
"Matt Thaiss","BOS","C","20","2","0","2","0",".218",".322","4","1","0","3","6",".314",".637"
"Esmerlyn Valdez","PIT","RF,DH","28","3","1","4","0",".228",".287","6","1","0","2","9",".377",".664"
"Jhonny Pereda","SEA","C","36","3","0","3","0",".220",".301","8","2","0","4","10",".304",".606"
"Warming Bernabel","WSH","1B","84","8","2","9","1",".246",".281","21","4","0","4","14",".356",".636"
"Ryan Vilade","TB","LF,RF","129","15","3","14","2",".233",".295","30","6","1","11","35",".357",".653"
"Ben Rortvedt","NYM","C","34","3","1","3","0",".194",".270","7","1","0","4","10",".271",".541"
"Josue Briceno","DET","C,1B,DH","23","2","0","2","0",".229",".327","5","1","0","3","7",".363",".690"
"Sebastian Rivero","LAA","C","18","2","0","2","0",".203",".233","4","1","0","1","4",".279",".513"
"Tre' Morgan","TB","1B","46","6","1","6","1",".244",".333","11","2","0","6","11",".356",".689"
"Eric Haase","SF","C","21","2","1","2","0",".217",".274","5","1","0","2","7",".299",".573"
"Trey Sweeney","DET","SS","63","8","1","6","1",".215",".282","13","3","0","6","19",".331",".613"
"Shane McGuire","ATH","C,1B","21","2","0","2","0",".207",".284","4","1","0","2","6",".273",".558"
"Gabriel Gonzalez","MIN","LF,RF,DH","51","6","1","6","0",".263",".314","13","3","0","4","10",".403",".716"
"Bryce Johnson","SD","CF","136","16","2","12","6",".224",".289","31","6","1","13","41",".314",".603"
"Jack Suwinski","LAD","LF,CF,RF","84","12","4","11","2",".204",".293","17","4","0","11","31",".385",".678"
"Rodolfo Duran","SD","C","15","2","0","2","0",".214",".251","3","1","0","1","4",".319",".570"
"Nacho Alvarez Jr.","ATL","3B","49","6","1","5","1",".239",".310","12","2","0","5","11",".326",".636"
"Will Banfield","CIN","C","23","2","0","2","0",".199",".235","4","1","0","1","7",".291",".526"
"Shay Whitcomb","HOU","2B,3B","25","3","1","3","0",".222",".282","6","1","0","2","8",".414",".696"
"Brandon Valenzuela","TOR","C,DH","20","2","0","2","0",".195",".256","4","1","0","2","6",".292",".547"
"Jace Jung","DET","3B","70","9","2","8","0",".215",".316","15","3","0","10","22",".351",".667"
"Tomas Nido","DET","C","22","2","0","2","0",".217",".259","5","0","0","1","6",".272",".531"
"Deyvison De Los Santos","MIA","1B,3B","84","9","3","10","1",".235",".277","20","3","0","5","23",".378",".655"
"Blake Hunt","SD","C","16","2","0","2","0",".209",".257","3","1","0","1","4",".325",".582"
"Zach Dezenzo","HOU","LF,RF","114","14","4","14","1",".232",".292","26","5","0","10","37",".377",".670"
"Drew Romo","CWS","C","22","2","0","2","0",".219",".267","5","1","0","1","6",".325",".592"
"Hao-Yu Lee","DET","2B,3B","24","3","1","3","1",".238",".313","6","1","0","3","6",".352",".665"
"Seby Zavala","","C","13","2","0","2","0",".175",".252","2","0","0","1","5",".289",".541"
"Payton Eeles","BAL","2B,SS,LF","25","4","1","2","2",".225",".321","6","1","0","4","6",".307",".628"
"Max Schuemann","NYY","2B,3B,SS","45","6","1","4","1",".219",".298","10","2","0","5","12",".309",".607"
"Hayden Senger","NYM","C","16","2","0","2","0",".191",".235","3","0","0","1","5",".267",".502"
"Blake Sabol","TB","C","12","1","0","1","0",".203",".269","2","0","0","1","4",".324",".593"
"Sam Huff","BAL","C","11","1","0","1","0",".198",".253","2","0","0","1","4",".321",".574"
"Maverick Handley","BAL","C","13","2","0","1","0",".196",".289","3","0","0","2","4",".255",".544"
"Jose Herrera","TEX","C","14","2","0","1","0",".198",".281","3","0","0","2","4",".277",".558"
"Jason Delay","BOS","C","20","2","0","2","0",".199",".249","4","1","0","1","4",".260",".509"
"Chad Wallach","ATH","C","17","1","1","2","0",".184",".238","3","1","0","1","6",".315",".553"
"Eliezer Alfonzo","LAD","C","8","1","0","1","0",".231",".275","2","0","0","0","1",".318",".593"
"Dom Nunez","CLE","C,DH","15","2","0","1","0",".168",".269","2","1","0","2","6",".268",".536"
"Sandy Leon","ATL","C","31","3","1","3","0",".163",".238","5","1","0","3","12",".272",".509"
"Christian Koss","SF","2B","77","9","1","8","2",".237",".276","18","4","0","4","20",".344",".620"
"Eloy Jimenez","TOR","RF,DH","27","3","1","3","0",".240",".293","6","1","0","2","6",".362",".655"
"Santiago Espinal","LAD","3B","97","11","1","9","1",".247",".298","24","4","0","7","14",".331",".630"
"Jorge Barrosa","ARI","LF,CF","106","12","2","10","2",".227",".290","24","5","1","9","27",".340",".630"
"John Rave","KC","LF,RF","98","12","2","10","3",".223",".295","22","4","1","10","28",".358",".653"
"Gio Urshela","MIN","3B","82","8","1","9","0",".251",".297","21","4","0","5","17",".356",".653"
"LaMonte Wade Jr.","CWS","1B,RF","70","9","2","8","0",".219",".321","15","3","0","11","18",".353",".675"
"Johan Rojas","PHI","CF","107","14","1","11","6",".244",".289","26","4","1","7","26",".343",".632"
"Luis Urias","ARI","2B","93","11","3","11","1",".225",".302","21","4","0","10","19",".346",".648"
"Nick Loftin","KC","LF","113","14","2","13","2",".239",".314","27","6","0","12","20",".355",".669"
"Chas McCormick","CHC","LF,CF,RF","71","9","2","8","2",".221",".286","16","2","0","6","22",".350",".636"
"Will Brennan","SF","RF","93","10","2","10","2",".260",".299","24","5","0","5","14",".364",".663"
"Alex Verdugo","SD","LF","63","8","1","7","0",".247",".308","15","3","0","5","11",".345",".652"
"Orlando Arcia","MIN","2B,3B,SS","108","11","3","12","0",".224",".277","24","5","0","8","25",".344",".622"
"Joey Wiemer","WSH","RF","104","12","3","12","2",".205",".277","21","4","0","10","34",".339",".615"
"DJ LeMahieu","","2B","89","10","2","9","0",".242",".314","22","3","0","9","22",".341",".655"
"Nick Allen","HOU","SS","121","13","1","10","3",".228",".287","27","5","0","10","26",".295",".582"
"Austin Slater","DET","LF,RF","64","8","2","7","1",".233",".312","15","3","0","7","21",".367",".679"
"Jeimer Candelario","LAA","1B,3B","86","9","3","10","1",".204",".265","18","4","0","7","27",".350",".616"
"Brendan Rodgers","BOS","2B","67","7","2","7","0",".231",".283","16","3","0","5","20",".347",".630"
"Tirso Ornelas","SD","LF","61","7","1","6","1",".232",".296","14","3","0","5","14",".353",".649"
"Nate Eaton","BOS","3B,RF","63","8","1","7","3",".230",".279","15","3","0","4","17",".338",".617"
"Ildemaro Vargas","ARI","1B,2B","91","10","1","10","1",".240",".283","22","4","1","6","12",".339",".622"
"Mark Canha","TEX","LF,RF","76","9","2","8","1",".228",".300","17","3","0","8","18",".339",".638"
"Kyle Farmer","ATL","2B,DH","59","7","2","7","0",".227",".276","13","2","0","4","15",".358",".634"
"Dylan Carlson","CHC","LF","79","10","2","9","1",".226",".307","18","3","0","9","21",".354",".660"
"Will Wagner","SD","3B","62","7","1","6","0",".244",".317","15","3","0","7","12",".336",".652"
"Nick Sogard","BOS","1B,2B,3B","48","6","1","5","1",".238",".315","12","3","0","5","12",".324",".639"
"Kyren Paris","LAA","2B,CF","58","8","2","6","3",".197",".277","11","2","0","6","23",".319",".596"
"Paul DeJong","NYY","3B","54","7","2","8","1",".207",".258","11","2","0","4","20",".376",".635"
"Nelson Velazquez","STL","RF,DH","84","10","4","11","1",".221",".288","19","4","0","8","25",".390",".678"
"Ben Gamel","ATL","LF,RF,DH","60","8","2","7","1",".225",".311","13","3","0","7","19",".360",".671"
"Grant McCray","SF","LF,RF","57","7","1","6","2",".212",".273","12","3","0","5","20",".330",".604"
"Tyler Callihan","PIT","2B,LF","42","5","1","4","1",".225",".290","9","2","0","4","13",".350",".639"
"Tristan Gray","MIN","2B,SS","63","7","2","7","0",".213",".265","13","3","0","4","20",".363",".628"
"Orelvis Martinez","WSH","2B","64","7","2","8","0",".202",".263","13","3","0","5","20",".354",".616"
"Ryan Kreidler","MIN","CF","74","8","2","7","3",".195",".277","14","3","0","8","26",".303",".580"
"Tanner Murray","CWS","2B,3B,SS","61","6","1","6","0",".227",".266","14","3","0","3","15",".341",".607"
"Matthew Lugo","LAA","CF,RF","45","5","1","5","1",".217",".261","10","2","0","3","15",".373",".634"
"Gabriel Rincones","PHI","RF,DH","57","9","2","8","2",".219",".313","12","3","0","8","19",".372",".685"
"Yohandy Morales","WSH","1B,3B","53","6","1","6","0",".231",".286","12","3","0","4","17",".346",".632"
"Kameron Misner","KC","CF","53","7","2","6","2",".200",".295","11","2","0","7","19",".343",".638"
"Nick Madrigal","LAA","3B","43","4","0","4","1",".256",".298","11","2","0","3","5",".339",".637"
"Enmanuel Valdez","PIT","1B","35","4","1","4","0",".224",".297","8","1","0","4","9",".363",".660"
"Mason McCoy","SD","SS","48","5","1","4","2",".198",".259","10","2","0","4","16",".274",".533"
"Tim Anderson","","2B,SS","59","6","0","4","1",".236",".269","14","2","0","3","17",".290",".559"
"Garrett Hampson","CIN","LF","51","6","0","4","2",".216",".282","11","2","0","5","16",".291",".573"
"Joey Meneses","ATH","1B,DH","43","4","1","5","0",".241",".288","10","2","0","3","9",".366",".654"
"Brett Wisely","ATL","2B","46","5","1","5","1",".225",".290","10","2","0","4","12",".341",".631"
"Pedro Leon","PHI","CF,RF","44","5","1","5","2",".209",".269","9","2","0","4","15",".347",".616"
"Dustin Harris","CWS","LF","31","4","1","3","2",".225",".294","7","1","0","3","8",".339",".632"
"Tyler Wade","TEX","LF,CF","48","5","0","4","2",".214",".286","10","2","0","5","13",".258",".544"
"Taylor Trammell","HOU","LF,CF","31","4","1","4","1",".201",".297","6","1","0","4","11",".346",".643"
"Manuel Margot","","RF","52","6","1","5","0",".239",".285","12","2","0","3","10",".320",".605"
"Wade Meckler","LAA","LF,CF","40","4","0","3","1",".233",".306","9","2","0","4","10",".307",".613"
"Jared Young","NYM","DH","27","4","1","3","0",".216",".295","6","1","0","3","8",".359",".654"
"Jonatan Clase","TOR","LF,CF","29","4","1","3","2",".225",".292","7","2","0","3","9",".339",".631"
"Bryan De La Cruz","PHI","LF","31","3","1","4","0",".232",".279","7","2","0","2","9",".360",".639"
"Miles Mastrobuoni","SEA","3B","40","5","0","3","2",".227",".308","9","2","0","5","8",".302",".610"
"Justin Foscue","TEX","1B,2B","34","4","1","4","0",".223",".289","8","2","0","3","7",".362",".651"
"Brock Wilken","MIL","3B,DH","50","7","2","7","0",".197",".300","10","2","0","7","21",".345",".645"
"Abraham Toro","KC","1B","52","6","1","5","1",".237",".297","12","3","0","4","11",".371",".667"
"Blake Dunn","CIN","LF,RF","29","4","0","3","1",".227",".302","7","1","0","3","10",".322",".624"
"James Triantos","CHC","2B,CF","24","3","0","3","1",".256",".294","6","1","0","1","4",".324",".618"
"Cesar Prieto","STL","2B,3B,SS","30","3","0","3","0",".240",".277","7","2","0","2","5",".337",".614"
"Vidal Brujan","NYM","3B","34","4","0","3","1",".223",".285","8","2","0","3","8",".305",".590"
"Akil Baddoo","MIL","LF,RF","31","4","1","4","1",".215",".304","7","2","0","4","10",".355",".659"
"Matt Mervis","WSH","1B,DH","33","4","1","4","0",".209",".269","7","1","0","3","11",".346",".615"
"Alika Williams","PIT","2B,3B,SS","27","3","0","2","0",".230",".277","6","1","0","2","6",".318",".595"
"Jhonkensy Noel","BAL","RF","36","4","2","5","0",".217",".266","8","2","0","2","11",".438",".704"
"Sterlin Thompson","COL","LF","29","4","1","3","0",".246",".305","7","2","0","2","7",".382",".687"
"Gustavo Campero","LAA","RF","26","3","1","3","1",".240",".293","6","1","0","2","6",".343",".636"
"Dairon Blanco","TEX","LF,CF","22","3","0","2","4",".216",".268","5","1","0","2","7",".318",".585"
"Edwin Arroyo","CIN","SS","33","4","0","3","1",".246",".291","8","2","0","2","7",".334",".626"
"Ji Hwan Bae","NYM","LF,CF","34","5","0","3","3",".232",".311","8","2","0","4","10",".329",".639"
"Liover Peguero","PHI","1B,SS","34","4","1","4","1",".221",".275","7","2","0","2","9",".346",".621"
"Drew Waters","KC","LF,CF,RF","46","6","1","4","1",".225",".288","10","2","0","4","15",".343",".631"
"A.J. Vukovich","ARI","LF,RF,DH","25","3","1","3","0",".234",".285","6","1","0","2","8",".366",".651"
"DaShawn Keirsey","ATL","RF","32","4","1","3","3",".210",".264","7","1","0","2","10",".320",".584"
"Nicky Lopez","COL","3B","25","3","0","2","0",".258",".323","6","1","0","2","4",".296",".619"
"Bryan Ramos","BAL","3B","30","3","1","3","0",".211",".268","6","1","0","2","8",".326",".593"
"Matt Koperniak","STL","LF,RF","25","3","0","3","0",".231",".280","6","1","0","2","6",".309",".589"
"Tristan Peters","CWS","LF,CF,RF","31","3","0","3","0",".218",".291","7","1","0","3","7",".318",".609"
"Justin Dean","CHC","CF","18","2","0","2","1",".195",".273","4","1","0","2","6",".256",".530"
"Sam Antonacci","CWS","2B,3B","29","4","0","3","1",".242",".315","7","1","0","3","6",".326",".640"
"Jonah Bride","TEX","3B","35","4","1","4","0",".218",".317","8","2","0","5","10",".330",".647"
"Denzer Guzman","LAA","SS","39","4","1","4","1",".211",".278","8","2","0","4","13",".327",".605"
"Stuart Fairchild","CLE","RF","28","4","1","3","1",".222",".288","6","1","0","3","8",".357",".645"
"Petey Halpin","CLE","CF","36","4","1","3","1",".215",".277","8","1","0","3","11",".330",".607"
"Luke Williams","ATL","SS","25","3","0","2","2",".191",".250","5","1","0","2","8",".290",".540"
"Jared Serna","MIA","2B,SS","29","3","0","3","1",".220",".279","6","1","0","2","6",".294",".573"
"Weston Wilson","BAL","LF","19","2","1","2","0",".200",".281","4","1","0","2","6",".328",".609"
"Juan Yepez","","1B,DH","21","2","1","3","0",".234",".289","5","1","0","2","4",".374",".663"
"Michael Siani","LAD","CF","27","3","0","2","1",".198",".278","5","1","0","3","8",".267",".544"
"Kevin Newman","KC","3B","25","3","0","3","0",".249",".286","6","1","0","1","5",".311",".597"
"Connor Joe","SEA","LF,RF","26","3","1","2","0",".209",".294","5","1","0","3","7",".323",".617"
"Jorbit Vivas","NYY","2B,3B","21","3","0","2","0",".215",".302","4","1","0","3","4",".300",".602"
"Garrett Stubbs","PHI","C","29","3","0","3","0",".213",".279","6","1","0","3","8",".301",".580"
"Michael Arroyo","SEA","2B,DH","25","3","0","2","1",".230",".315","6","1","0","3","6",".315",".630"
"Rhylan Thomas","SEA","CF,RF","21","2","0","2","1",".257",".299","5","1","0","1","2",".299",".599"
"Samad Taylor","SD","2B,CF","23","3","0","2","1",".223",".302","5","1","0","3","6",".319",".620"
"Donovan Solano","","1B","58","5","1","7","0",".245",".298","14","2","0","4","15",".347",".646"
"Kahlil Watson","CLE","LF,CF,RF","20","3","1","2","1",".211",".291","4","1","0","2","7",".344",".635"
"Tim Elko","CWS","1B","23","3","1","3","0",".229",".271","5","1","0","1","8",".345",".615"
"Cavan Biggio","HOU","RF","25","3","0","3","0",".202",".294","5","1","0","3","8",".295",".589"
"Blaze Jordan","STL","1B,3B","16","2","0","2","0",".252",".296","4","1","0","1","2",".388",".684"
"Luis Vazquez","BAL","3B,SS","23","2","0","2","0",".223",".277","5","1","0","2","6",".324",".601"
"Vimael Machin","COL","1B,2B,3B","18","2","0","2","0",".258",".318","5","1","0","2","4",".331",".649"
"Christian Franklin","WSH","LF,CF,RF","20","3","0","2","0",".230",".314","5","1","0","2","6",".305",".619"
"Aaron Schunk","ATL","2B,SS","33","3","1","3","1",".224",".274","7","1","0","2","8",".335",".609"
"Billy Cook","PIT","1B,CF","20","2","0","2","1",".210",".264","4","1","0","1","6",".313",".577"
"Steward Berroa","MIL","LF,CF","18","2","0","2","2",".199",".296","4","1","0","3","6",".283",".579"
"Ben Cowles","CHC","2B,SS","19","2","0","2","1",".218",".273","4","1","0","1","6",".314",".586"
"Anthony Seigler","BOS","3B","14","2","0","2","1",".210",".316","3","1","0","2","4",".295",".612"
"Niko Kavadas","LAA","1B","20","2","1","2","0",".184",".274","4","1","0","2","9",".345",".619"
"Trey Lipscomb","WSH","2B,3B,LF","26","2","0","2","1",".225",".272","6","1","0","2","6",".310",".582"
"Trei Cruz","DET","3B,SS,CF","18","2","0","2","0",".223",".317","4","1","0","3","6",".326",".643"
"Dominic Fletcher","PIT","CF,RF","20","2","0","2","0",".234",".277","5","1","0","1","5",".317",".594"
"Eduardo Valencia","DET","C,1B,DH","12","2","0","2","0",".229",".272","3","0","0","1","3",".331",".603"
"Tsung-Che Cheng","BOS","3B,SS","18","2","0","1","1",".203",".272","4","1","0","2","5",".278",".550"
"Nick Morabito","NYM","CF","12","1","0","1","1",".240",".292","3","0","0","1","3",".325",".617"
"Jose Azocar","ATL","RF","12","1","0","1","0",".252",".282","3","0","0","1","3",".293",".574"
"Kristian Robinson","ARI","CF,RF","13","2","0","2","0",".203",".289","3","0","0","2","5",".306",".595"
"Ronny Simon","PIT","2B,LF","20","2","0","2","1",".239",".310","5","1","0","2","4",".346",".656"
"Josh Kasevich","TOR","3B,SS","13","2","0","1","0",".255",".296","3","0","0","1","2",".285",".582"
"Marco Luciano","NYY","LF","22","2","1","2","0",".182",".283","4","1","0","3","9",".293",".576"
"RJ Schreck","TOR","CF,RF","14","2","0","2","0",".206",".303","3","1","0","2","4",".335",".638"
"Davis Wendzel","PIT","SS","15","2","0","2","0",".207",".268","3","1","0","1","4",".325",".593"
"Ryan Fitzgerald","LAD","2B,SS","18","2","0","2","0",".210",".287","4","1","0","2","5",".328",".615"
"Scott Kingery","CHC","2B,CF","21","2","0","2","0",".201",".252","4","1","0","1","7",".314",".566"
"Trey Mancini","LAA","1B","22","3","0","2","0",".217",".267","5","1","0","1","6",".314",".582"
"Nate Furman","SF","2B,DH","8","1","0","1","0",".247",".318","2","0","0","1","2",".353",".672"
"Emmanuel Rivera","","3B","13","1","0","1","0",".236",".289","3","1","0","1","3",".339",".628"
"Luken Baker","ARI","DH","10","1","0","1","0",".209",".288","2","0","0","1","3",".364",".651"
"Vinny Capra","BOS","3B,SS","10","1","0","1","0",".227",".286","2","0","0","1","3",".322",".608"
"Oliver Dunn","CWS","3B","11","1","0","1","0",".198",".267","2","0","0","1","4",".320",".587"
"Leandro Cedeno","SD","","6","1","0","1","0",".239",".281","1","0","0","0","2",".372",".653"
"Grae Kessinger","NYM","3B","14","1","0","1","0",".193",".266","3","0","0","1","4",".292",".558"
"Ethan Murray","MIL","","18","2","0","2","0",".188",".255","3","1","0","2","6",".307",".561"
"Sergio Alcantara","WSH","SS","11","1","0","1","0",".199",".286","2","0","0","1","3",".264",".551"
"Jose Barrero","BAL","2B,CF","9","1","0","1","0",".191",".240","2","0","0","1","3",".311",".551"
"Patrick Wisdom","SEA","1B","12","2","1","2","0",".184",".262","2","0","0","1","5",".325",".587"
"Cristian Pache","NYM","CF,RF","10","1","0","1","0",".190",".270","2","0","0","1","4",".268",".538"
"Tristin English","ATL","1B,RF","6","1","0","1","0",".228",".266","1","0","0","0","1",".346",".612"
"Jack Winkler","HOU","2B","11","1","0","1","1",".196",".251","2","0","0","1","3",".259",".511"
"Maximo Acosta","MIA","2B,3B,SS","73","9","2","8","3",".228",".290","17","3","0","6","21",".343",".632"
"Carlos Rodriguez","SD","LF,CF,RF","4","0","0","0","0",".237",".300","1","0","0","0","1",".324",".624"
"Jacob Stallings","","C","85","8","1","8","0",".197",".262","17","3","0","7","26",".290",".552"
"Victor Mesa Jr.","TB","LF","28","3","1","3","0",".231",".287","7","2","0","2","6",".363",".649"
"Jason Heyward","","LF","85","12","3","12","1",".218",".284","18","4","1","8","20",".373",".657"
"Leo Jimenez","TOR","2B","89","11","2","10","1",".233",".296","21","4","0","8","22",".361",".658"
"Alexander Canario","","LF,CF,RF","71","8","3","8","1",".215",".283","15","3","0","7","26",".364",".648"
"Hunter Renfroe","","RF","72","7","2","8","0",".217",".281","16","4","0","6","17",".371",".652"
"Travis Jankowski","","RF","59","7","1","5","3",".221",".293","13","2","0","6","12",".279",".571"
"Seth Brown","NYY","LF","46","5","2","6","0",".235",".293","11","2","0","4","13",".387",".680"
"Bob Seymour","","1B","32","4","2","5","0",".216",".279","7","1","0","3","10",".410",".689"
"Yuli Gurriel","","DH","63","6","1","6","1",".211",".288","13","3","1","7","12",".328",".616"
"Corey Julks","DET","LF","37","4","1","3","1",".236",".307","9","2","0","4","9",".357",".664"
"Jacob Reimer","NYM","3B,DH","32","4","1","4","1",".235",".313","7","1","0","4","9",".383",".696"
"Oscar Gonzalez","","LF","32","3","1","4","0",".234",".263","8","1","0","1","8",".364",".627"
"Jack Brannigan","PIT","SS","22","3","1","3","1",".226",".293","5","1","0","2","7",".331",".624"
"Logan Davidson","TB","1B","26","3","1","3","1",".219",".314","6","1","0","4","9",".320",".634"
"Raynel Delgado","TB","2B,3B","27","3","1","2","2",".212",".293","6","1","0","3","6",".308",".601"
"Rafael Lantigua","TOR","2B,3B","29","4","1","3","1",".213",".326","6","1","0","5","6",".308",".635"
"Cameron Cauley","TEX","2B,SS,CF","27","3","1","3","1",".217",".273","6","1","0","2","9",".374",".647"
"Elehuris Montero","","1B","24","3","1","3","0",".232",".284","6","1","0","2","7",".387",".671"
"Carter Kieboom","CLE","1B,DH","28","3","1","3","1",".223",".288","6","1","0","3","6",".316",".604"
"Bligh Madris","STL","1B","46","5","1","5","1",".179",".270","8","2","0","6","15",".308",".579"
"Daniel Johnson","MIA","LF,CF,RF","26","3","1","2","1",".215",".266","6","1","0","2","7",".361",".626"
"Ralphy Velazquez","CLE","1B","34","4","1","4","0",".221",".296","7","2","1","4","9",".433",".728"
"Will Robertson","BAL","LF","28","3","1","4","0",".211",".292","6","1","0","3","11",".365",".657"
"Jacob Hurtubise","MIL","LF","33","6","0","2","2",".195",".321","6","1","0","6","9",".286",".607"
"Tyler Nevin","","1B","20","3","1","2","0",".242",".304","5","1","0","2","4",".389",".694"
"Estevan Florial","","LF","17","2","1","2","1",".219",".291","4","1","0","2","6",".375",".666"
"Carson McCusker","","RF","30","3","1","3","1",".208",".274","6","2","0","3","11",".375",".648"
"Will Wilson","SEA","2B,3B","34","3","1","3","1",".201",".268","7","1","0","3","10",".308",".577"
"J.D. Martinez","","DH","23","3","1","3","0",".226",".293","5","1","0","2","7",".386",".679"
"Jordyn Adams","MIL","CF","31","3","1","3","1",".196",".265","6","1","0","3","11",".294",".558"
"Cam Devanney","","3B","31","3","1","3","1",".208",".286","6","2","0","3","9",".324",".609"
"Kenedy Corona","NYY","CF,RF","28","3","1","2","2",".193",".275","5","1","0","3","8",".290",".565"
"Brian Navarreto","MIA","C","28","3","1","3","0",".200",".267","6","1","0","3","7",".293",".559"
"Sandro Fabian","","RF","20","2","1","2","0",".233",".271","5","1","0","1","4",".377",".648"
"Jason Vosler","","1B","20","2","1","2","0",".229",".281","5","1","0","1","5",".381",".662"
"Jordan Diaz","","2B","20","2","1","2","0",".243",".288","5","1","0","1","4",".399",".687"
"Brandon Drury","KC","1B,DH","27","3","1","2","0",".207",".270","6","1","0","2","7",".310",".580"
"Xavier Isaac","TB","DH","17","2","1","2","0",".214",".292","4","1","0","2","6",".346",".639"
"Edward Olivares","TB","RF","18","2","1","2","0",".235",".288","4","1","0","1","4",".385",".674"
"Nick Maton","","DH","27","3","1","3","0",".198",".304","5","1","0","4","8",".327",".631"
"Connor Kaiser","KC","2B","28","3","1","2","1",".185",".289","5","1","0","4","10",".279",".568"
"Jared Walsh","","1B","19","2","1","2","0",".187",".251","4","1","0","2","8",".317",".568"
"Trey Cabbage","","RF","19","2","1","2","0",".222",".278","4","1","0","2","7",".378",".656"
"Albert Almora Jr.","","LF,CF,RF","15","2","0","2","0",".234",".282","4","1","0","1","3",".345",".627"
"Mitch Haniger","","RF","16","2","1","2","0",".213",".280","3","1","0","2","5",".355",".635"
"Jud Fabian","BAL","CF,RF","16","2","1","2","0",".186",".271","3","1","0","2","6",".323",".594"
"Ryan Noda","BAL","1B,RF","25","4","1","2","0",".171",".315","4","1","0","5","11",".331",".646"
"Adam Duvall","","LF","20","2","1","2","0",".208",".263","4","1","0","1","7",".375",".637"
"Michael Stefanic","ATH","2B","16","2","0","2","0",".266",".345","4","1","0","2","3",".345",".690"
"Joey Gallo","","1B","19","3","1","2","0",".181",".289","3","1","0","3","8",".360",".649"
"Yohendrick Pinango","TOR","LF,RF,DH","14","1","1","2","0",".203",".308","3","1","0","2","4",".358",".665"
"Braden Shewmake","NYY","SS","26","3","0","2","1",".205",".267","5","1","0","2","5",".305",".572"
"Harold Ramirez","","DH","14","2","0","1","0",".255",".291","4","1","0","1","3",".357",".648"
"Forrest Wall","","LF,CF","11","1","0","1","1",".224",".291","3","0","0","1","3",".332",".623"
"Andrew Pinckney","WSH","","20","2","0","2","1",".222",".269","4","1","0","1","7",".340",".610"
"Daz Cameron","","RF","13","2","0","2","0",".219",".285","3","1","0","1","4",".368",".653"
"Eguy Rosario","","SS","13","2","0","2","0",".212",".274","3","1","0","1","4",".363",".637"
"Joshua Palacios","","RF","13","2","0","2","0",".232",".293","3","1","0","1","3",".358",".651"
"David Villar","","1B","13","2","0","2","0",".214",".294","3","1","0","2","5",".367",".662"
"Oscar Colas","","RF,DH","17","2","0","2","0",".213",".269","4","1","0","1","5",".338",".607"
"Drew Avans","COL","LF","14","2","0","1","1",".237",".303","3","1","0","1","4",".346",".650"
"Owen Miller","CHC","2B","25","2","0","2","1",".216",".269","5","1","0","2","5",".312",".581"
"Jon Singleton","","1B,DH","14","2","0","2","0",".200",".296","3","1","0","2","5",".344",".640"
"Nick Pratto","TEX","1B","14","2","0","2","0",".197",".267","3","1","0","1","5",".342",".609"
"Yunior Severino","","3B","14","2","0","2","0",".212",".281","3","1","0","1","5",".352",".633"
"Brennan Milone","ATH","1B,DH","14","2","0","2","0",".226",".300","3","1","0","2","4",".356",".656"
"David Dahl","","LF","18","2","0","2","0",".227",".282","4","1","0","1","5",".362",".644"
"Willie Calhoun","","DH","18","2","0","2","0",".235",".305","4","1","0","2","3",".357",".662"
"Alex Ramirez","","LF","15","2","0","1","1",".206",".268","3","1","0","1","4",".297",".564"
"Austin Shenton","","1B,3B,DH","12","2","0","1","0",".215",".297","3","1","0","1","4",".366",".663"
"Taylor Young","LAD","","13","1","0","1","1",".205",".284","3","1","0","1","4",".280",".563"
"Nick Gordon","","2B","15","2","0","2","0",".226",".265","3","1","0","1","4",".358",".623"
"Nick Senzel","LAD","3B,LF","15","2","0","2","0",".212",".282","3","1","0","1","4",".330",".612"
"Andre Lipcius","","1B,2B,DH","15","2","0","2","0",".216",".283","3","1","0","1","4",".332",".616"
"Zach Remillard","","2B","19","2","0","2","0",".208",".271","4","1","0","2","5",".299",".570"
"Elijah Dunham","LAA","LF,CF,RF","19","2","0","2","0",".198",".271","4","1","0","2","7",".328",".599"
"Tyler Gentry","KC","RF","13","2","0","1","0",".214",".281","3","1","0","1","4",".341",".622"
"Pedro Ramirez","CHC","2B,3B","13","2","0","1","0",".235",".287","3","1","0","1","3",".315",".602"
"Justice Bigbie","DET","LF,RF","13","2","0","1","0",".236",".297","3","1","0","1","3",".337",".633"
"Riley Tirotta","TOR","1B,3B,RF","7","1","0","1","0",".207",".284","2","0","0","1","3",".318",".602"
"Jadher Areinamo","TB","2B,SS","7","1","0","1","0",".240",".284","2","0","0","0","1",".340",".624"
"Luis Guillorme","","2B,3B","11","1","0","1","0",".225",".313","3","0","0","1","3",".298",".611"
"Buddy Kennedy","SF","3B","11","1","0","1","0",".235",".314","3","0","0","1","3",".330",".644"
"Carlos Mendoza","TOR","2B,3B,LF","11","1","0","1","0",".233",".317","3","0","0","1","2",".319",".636"
"Aramis Garcia","ARI","C","14","2","1","1","0",".163",".249","2","1","0","2","5",".318",".568"
"Tucker Flint","LAA","","16","2","0","2","0",".193",".271","3","1","0","2","7",".317",".589"
"Kevin Kiermaier","","CF","20","2","0","2","0",".220",".268","4","1","0","1","6",".343",".610"
"Cole Tucker","","3B","20","2","0","2","0",".202",".272","4","1","0","2","6",".285",".557"
"Logan Driscoll","TB","C","20","2","0","2","0",".215",".270","4","1","0","1","6",".336",".606"
"Zach DeLoach","","LF,RF","14","2","0","1","0",".221",".294","3","1","0","1","5",".346",".641"
"Luca Tresh","KC","C","14","1","0","2","0",".202",".258","3","1","0","1","4",".349",".607"
"Billy McKinney","","RF","16","1","1","1","0",".173",".259","3","1","0","2","5",".326",".586"
"Jose Ramos","NYM","LF,CF,RF","8","1","0","1","0",".201",".264","2","0","0","1","3",".342",".607"
"Jase Bowen","SD","LF,CF,RF","8","1","0","1","0",".227",".282","2","1","0","1","3",".348",".629"
"Kevin Pillar","","CF,RF","12","1","0","1","0",".221",".264","3","1","0","1","3",".346",".610"
"Pablo Reyes","SD","RF","12","1","0","1","0",".228",".293","3","1","0","1","3",".343",".636"
"Ali Sanchez","NYY","C","12","1","0","1","0",".219",".274","3","0","0","1","3",".315",".589"
"Luis De Los Santos","","3B","12","1","0","1","0",".209",".259","3","0","0","1","4",".306",".565"
"Jesus Bastidas","MIA","2B,3B,SS,DH","17","2","0","2","0",".208",".265","3","1","0","1","5",".334",".599"
"Paul McIntosh","PHI","C,DH","9","1","0","1","0",".215",".286","2","0","0","1","3",".328",".614"
"Eddie Rosario","","LF","13","1","0","1","0",".220",".273","3","1","0","1","3",".362",".636"
"Jamie Westbrook","","2B,3B","13","1","0","1","0",".222",".289","3","1","0","1","3",".321",".611"
"Bobby Dalbec","","1B,SS","13","1","0","1","0",".195",".262","3","0","0","1","6",".333",".595"
"Alan Trejo","","SS","13","1","0","1","0",".218",".262","3","1","0","1","4",".341",".603"
"Rene Pinto","PHI","C","13","1","0","1","0",".207",".250","3","1","0","1","5",".357",".607"
"Gage Workman","DET","3B,SS","13","1","0","1","0",".202",".269","3","1","0","1","5",".333",".602"
"Darren Baker","CWS","2B,LF","13","1","0","1","0",".229",".286","3","0","0","1","3",".289",".575"
"Matthew Batten","","1B,3B","16","2","0","1","0",".198",".260","3","1","0","1","5",".288",".548"
"Brennen Davis","SEA","LF,DH","10","1","0","1","0",".185",".275","2","0","0","1","4",".276",".551"
"Sean Bouchard","","RF","10","1","0","1","0",".202",".296","2","0","0","1","4",".348",".643"
"Jonathan Ornelas","NYY","SS","14","1","0","1","0",".196",".258","3","0","0","1","4",".291",".549"
"P.J. Higgins","CIN","C,1B,3B,DH","14","1","0","1","0",".220",".270","3","1","0","1","4",".327",".596"
"Chuckie Robinson","LAD","C","17","2","0","1","0",".196",".248","3","1","0","1","5",".261",".509"
"J.D. Davis","","1B,3B","11","1","0","1","0",".221",".287","2","0","0","1","3",".345",".632"
"Mike Ford","","1B","11","1","0","1","0",".204",".277","2","0","0","1","3",".340",".617"
"Sam Hilliard","","LF,CF,RF","11","1","0","1","0",".214",".287","2","0","0","1","4",".381",".667"
"Brewer Hicklen","ATL","LF,CF,RF","11","1","0","1","0",".197",".265","2","0","0","1","4",".350",".615"
"Brian Serven","ATH","C","11","1","0","1","0",".179",".248","2","0","0","1","4",".264",".511"
"Jacob Amaya","ARI","SS","11","1","0","1","0",".206",".278","2","0","0","1","3",".300",".578"
"David Hensley","","1B","11","1","0","1","0",".197",".293","2","1","0","2","4",".298",".591"
"Sam Brown","WSH","","11","1","0","1","0",".224",".289","2","1","0","1","3",".337",".626"
"Frederick Bencosme","BAL","","11","1","0","1","0",".218",".274","2","1","0","1","2",".309",".583"
"Travis Blankenhorn","","LF,RF","12","1","0","1","0",".198",".261","2","1","0","1","4",".345",".605"
"Jack Lopez","","3B,SS","12","1","0","1","0",".209",".241","2","0","0","0","4",".303",".544"
"Zack Short","NYY","SS","12","1","0","1","0",".183",".285","2","0","0","2","4",".309",".594"
"Clay Dungan","SD","2B,SS,CF","12","1","0","1","0",".198",".272","2","1","0","1","4",".310",".582"
"Wilfred Veras","CWS","","12","1","0","1","0",".213",".259","2","1","0","1","4",".333",".592"
"Terrell Tatum","","","12","1","0","1","0",".200",".283","2","0","0","1","4",".292",".575"
"Luke Ritter","","2B,3B,LF","13","1","0","1","0",".193",".267","2","0","0","1","5",".314",".581"