"Player","Team","Positions","IP","K","W","SV","ERA","WHIP","ER","H","BB","HR","G","GS","L","CG"
"Shohei Ohtani","LAD","DH,SP","119.5","144","9","0","3.39","1.11","45","94","39","14","23","23","5","1"
"Tarik Skubal","DET","SP","193.0","235","14","0","2.72","0.97","58","147","40","18","31","31","7","1"
"Paul Skenes","PIT","SP","185.6","221","13","0","2.80","1.04","58","145","48","15","31","31","7","1"
"Garrett Crochet","BOS","SP","188.8","231","14","0","3.01","1.06","63","152","49","20","31","31","8","1"
"Cristopher Sanchez","PHI","SP","191.1","187","13","0","3.20","1.14","68","171","47","16","31","31","8","1"
"Yoshinobu Yamamoto","LAD","SP","159.3","174","12","0","3.28","1.11","58","129","48","16","27","27","6","0"
"Hunter Brown","HOU","SP","179.4","194","12","0","3.44","1.17","69","151","59","19","31","30","8","1"
"Chris Sale","ATL","SP","159.0","195","11","0","3.23","1.10","57","131","43","17","27","27","6","0"
"Logan Gilbert","SEA","SP","165.1","184","11","0","3.38","1.06","62","135","39","21","29","29","7","1"
"Bryan Woo","SEA","SP","186.5","189","13","0","3.41","1.05","71","156","40","24","31","31","9","0"
"Logan Webb","SF","SP","196.4","187","13","0","3.28","1.17","72","184","46","15","32","31","9","1"
"Jacob deGrom","TEX","SP","162.5","180","11","0","3.48","1.06","63","133","39","22","28","28","8","0"
"Cole Ragans","KC","SP","155.7","194","11","0","3.37","1.15","58","124","55","17","27","28","7","0"
"Max Fried","NYY","SP","182.6","172","14","0","3.32","1.16","67","159","54","17","30","30","8","1"
"Mason Miller","SD","RP","65.4","102","4","33","2.53","0.99","18","40","25","6","63","0","2","0"
"Freddy Peralta","NYM","SP","164.3","183","11","0","3.78","1.19","69","135","61","21","30","30","8","0"
"Edwin Diaz","LAD","RP","64.8","90","5","37","3.03","1.07","22","47","22","7","64","0","2","0"
"George Kirby","SEA","SP","170.3","167","12","0","3.57","1.10","68","155","33","21","30","30","8","0"
"Joe Ryan","MIN","SP","168.4","185","11","0","3.80","1.10","71","145","40","25","29","29","9","0"
"Dylan Cease","TOR","SP","169.8","200","11","0","3.69","1.21","70","141","65","20","31","30","9","0"
"Jesus Luzardo","PHI","SP","176.8","197","12","0","3.67","1.18","72","153","55","22","31","30","9","0"
"Framber Valdez","DET","SP","190.7","178","13","0","3.49","1.22","74","170","63","16","30","30","9","2"
"Jhoan Duran","PHI","RP","66.8","78","5","32","2.87","1.12","21","54","20","5","68","0","3","0"
"Andres Munoz","SEA","RP","63.2","80","4","32","2.92","1.12","20","46","25","5","64","0","3","0"
"Cade Smith","CLE","RP","69.1","89","5","31","2.88","1.07","22","53","21","6","70","0","3","0"
"Kyle Bradish","BAL","SP","138.0","149","9","0","3.58","1.18","55","119","44","15","25","26","7","0"
"Nolan McLean","NYM","SP","149.8","145","10","0","3.82","1.28","64","133","58","16","26","26","8","0"
"Nick Pivetta","SD","SP","169.7","184","10","0","3.90","1.15","74","144","51","26","29","29","9","0"
"Eury Perez","MIA","SP","137.5","152","8","0","3.92","1.17","60","115","47","19","27","27","8","0"
"Kevin Gausman","TOR","SP","178.8","175","12","0","3.93","1.21","78","163","52","24","30","30","9","1"
"David Bednar","NYY","RP","61.8","75","4","33","3.27","1.13","22","49","21","7","63","0","3","0"
"Aroldis Chapman","BOS","RP","59.8","83","4","31","3.00","1.15","20","43","27","5","62","0","3","0"
"Sonny Gray","BOS","SP","171.1","180","11","0","3.74","1.19","71","159","45","21","30","30","9","0"
"Devin Williams","NYM","RP","64.0","85","5","31","3.10","1.15","22","47","27","6","65","0","3","0"
"Tyler Glasnow","LAD","SP","130.0","152","9","0","3.65","1.17","53","104","48","16","23","23","6","0"
"Spencer Strider","ATL","SP","157.9","187","11","0","3.96","1.21","69","136","56","21","28","28","9","0"
"Blake Snell","LAD","SP","130.7","162","10","0","3.46","1.21","50","101","57","14","23","24","6","0"
"Brandon Woodruff","MIL","SP","146.9","156","10","0","3.76","1.13","61","126","40","21","27","27","8","0"
"Emmet Sheehan","LAD","SP","134.5","156","9","0","3.82","1.16","57","110","45","19","34","24","6","0"
"Nathan Eovaldi","TEX","SP","162.0","156","11","0","3.62","1.14","65","143","41","19","27","27","8","1"
"Jacob Misiorowski","MIL","SP","136.7","158","9","0","3.96","1.27","60","111","63","17","30","25","8","0"
"Michael King","SD","SP","157.2","165","10","0","3.80","1.23","66","138","55","20","28","29","8","1"
"Nick Lodolo","CIN","SP","152.0","154","9","0","4.03","1.19","68","140","41","21","28","28","9","1"
"Chase Burns","CIN","SP","116.1","139","7","0","3.64","1.16","47","99","36","15","26","21","7","1"
"Trey Yesavage","TOR","SP","125.0","143","7","0","3.81","1.24","53","102","53","15","31","23","6","0"
"Ryan Pepiot","TB","SP","167.0","171","10","0","4.06","1.22","75","144","59","25","31","31","10","0"
"Zack Wheeler","PHI","SP","140.9","161","10","0","3.28","1.08","51","115","37","16","23","23","6","0"
"Luis Castillo","SEA","SP","177.8","167","11","0","3.89","1.19","77","161","51","25","31","30","9","0"
"Cam Schlittler","NYY","SP","126.9","127","8","0","4.00","1.28","56","113","49","16","24","24","7","0"
"Sandy Alcantara","MIA","SP","179.1","148","10","0","4.13","1.26","82","173","53","21","30","30","11","1"
"Robbie Ray","SF","SP","171.0","177","10","0","4.18","1.28","79","152","66","25","30","30","10","1"
"Ranger Suarez","BOS","SP","166.8","150","11","0","3.68","1.24","68","160","48","17","28","28","8","0"
"Ryan Helsley","BAL","RP","62.6","71","4","28","3.51","1.21","24","53","23","7","62","0","3","0"
"MacKenzie Gore","TEX","SP","159.8","181","10","0","3.87","1.25","69","139","60","20","29","29","9","0"
"Drew Rasmussen","TB","SP","154.2","139","10","0","3.65","1.16","63","139","41","18","30","30","8","0"
"Raisel Iglesias","ATL","RP","65.0","70","4","27","3.63","1.14","26","57","17","8","66","0","3","0"
"Bubba Chandler","PIT","SP","144.1","136","8","0","4.20","1.31","67","135","54","18","33","26","8","0"
"Trevor Rogers","BAL","SP","144.0","124","9","0","4.07","1.28","65","138","47","17","26","26","8","1"
"Gavin Williams","CLE","SP","166.1","169","10","0","3.97","1.30","73","145","71","21","30","30","9","0"
"Tanner Bibee","CLE","SP","177.0","166","11","0","3.93","1.22","77","163","53","24","30","30","10","1"
"Shota Imanaga","CHC","SP","154.3","141","10","0","4.10","1.15","70","143","35","27","27","27","8","0"
"Jeff Hoffman","TOR","RP","62.5","75","4","26","3.64","1.17","25","51","23","8","64","0","3","0"
"Josh Hader","HOU","RP","55.1","76","4","27","3.20","1.07","20","39","20","7","54","0","3","0"
"Jack Flaherty","DET","SP","158.0","174","10","0","4.01","1.24","70","142","55","21","29","29","9","0"
"Carlos Rodon","NYY","SP","145.1","152","10","0","3.99","1.21","64","123","53","20","26","26","8","0"
"Edward Cabrera","CHC","SP","137.5","147","9","0","3.90","1.24","60","116","54","16","26","26","7","0"
"Aaron Nola","PHI","SP","168.7","167","10","0","4.15","1.22","78","160","46","25","29","29","9","0"
"Zac Gallen","ARI","SP","179.3","168","12","0","4.11","1.27","82","169","58","23","31","31","10","0"
"Cade Horton","CHC","SP","129.4","113","8","0","4.04","1.24","58","118","43","17","24","24","7","0"
"Matthew Boyd","CHC","SP","162.1","146","10","0","3.93","1.20","71","149","46","21","28","28","9","0"
"Daniel Palencia","CHC","RP","64.4","73","4","29","3.66","1.25","26","53","27","7","63","0","3","0"
"Shane McClanahan","TB","SP","128.8","137","8","0","3.65","1.17","52","112","39","16","23","23","7","0"
"Shane Baz","BAL","SP","151.8","150","9","0","4.19","1.27","71","139","54","21","28","28","9","0"
"Tatsuya Imai","HOU","SP","146.4","148","8","0","4.30","1.33","70","132","63","19","26","26","7","3"
"Andrew Abbott","CIN","SP","166.7","151","10","0","4.21","1.26","78","158","52","26","29","29","9","1"
"Carlos Estevez","KC","RP","63.9","57","3","31","4.24","1.28","30","59","23","8","65","0","4","0"
"Pete Fairbanks","MIA","RP","60.2","63","3","26","3.54","1.22","24","52","21","6","61","0","3","0"
"Kris Bubic","KC","SP","141.3","138","9","0","3.76","1.25","59","130","47","14","30","25","7","0"
"Emilio Pagan","CIN","RP","65.6","72","3","27","3.94","1.18","29","55","22","10","66","0","3","0"
"Merrill Kelly","ARI","SP","156.9","141","10","0","4.06","1.25","71","149","47","21","27","27","8","0"
"Kenley Jansen","DET","RP","58.1","59","3","24","3.97","1.21","26","50","21","8","59","0","3","0"
"Gerrit Cole","NYY","SP","123.0","124","8","0","3.84","1.16","52","107","36","17","21","21","6","1"
"Ryan Walker","SF","RP","62.7","66","4","24","3.48","1.20","24","56","20","6","63","0","3","0"
"Trevor Megill","MIL","RP","62.5","77","4","17","3.44","1.18","24","51","23","7","62","0","3","0"
"Jack Leiter","TEX","SP","152.3","147","9","0","4.30","1.29","73","135","62","21","29","28","9","0"
"Joe Musgrove","SD","SP","143.5","136","9","0","3.94","1.20","63","134","38","19","26","26","8","0"
"Dennis Santana","PIT","RP","66.5","62","4","24","3.93","1.27","29","61","23","7","67","0","3","0"
"Hunter Greene","CIN","SP","88.2","108","6","0","3.70","1.12","36","70","29","12","16","16","4","1"
"Jose Soriano","LAA","SP","170.5","155","10","0","3.82","1.33","72","155","72","14","31","30","10","0"
"Connelly Early","BOS","SP","44.9","46","3","0","3.72","1.27","19","40","18","4","15","7","2","0"
"Shane Smith","CWS","SP","157.9","150","8","0","4.21","1.28","74","143","59","21","29","29","10","0"
"Seranthony Dominguez","CWS","RP","61.1","69","3","20","3.90","1.29","27","51","28","8","64","0","4","0"
"Kodai Senga","NYM","SP","121.9","123","8","0","3.96","1.31","54","106","53","14","29","21","6","0"
"Abner Uribe","MIL","RP","69.4","81","4","17","3.13","1.21","24","53","31","5","70","0","3","0"
"Noah Cameron","KC","SP","147.5","125","9","0","4.23","1.30","69","143","48","20","27","27","9","0"
"Grayson Rodriguez","LAA","SP","119.6","128","7","0","3.95","1.24","52","108","40","16","22","22","7","0"
"Griffin Jax","TB","RP","65.7","83","4","15","3.02","1.09","22","53","19","6","67","0","3","0"
"Ryan Weathers","NYY","SP","116.9","111","7","0","4.08","1.26","53","107","41","16","30","20","6","0"
"Sean Manaea","NYM","SP","127.5","133","8","0","4.08","1.20","58","113","40","18","35","21","7","0"
"Bryce Miller","SEA","SP","141.1","126","9","0","4.13","1.21","65","129","42","21","26","26","8","0"
"Casey Mize","DET","SP","143.2","125","9","0","4.13","1.26","66","140","40","19","27","27","8","0"
"Ryne Nelson","ARI","SP,RP","156.1","129","9","0","4.19","1.26","73","153","43","21","33","27","8","0"
"Shane Bieber","TOR","SP","115.9","107","7","0","3.81","1.18","49","109","28","15","25","19","6","0"
"David Peterson","NYM","SP","161.4","144","10","0","3.93","1.34","70","154","61","15","29","29","8","1"
"Roki Sasaki","LAD","SP","111.5","109","7","0","4.19","1.31","52","102","44","14","32","19","6","1"
"Logan Henderson","MIL","SP","97.9","100","6","0","4.15","1.21","45","88","31","15","27","16","6","0"
"Brady Singer","CIN","SP","168.1","156","10","0","4.35","1.29","81","163","54","24","31","31","11","0"
"Bryan Abreu","HOU","RP","67.8","90","4","8","3.16","1.18","24","51","28","7","68","0","3","0"
"Robert Suarez","ATL","RP","66.0","69","4","9","3.59","1.18","26","58","20","7","67","0","3","0"
"Parker Messick","CLE","SP","120.1","111","7","0","4.11","1.30","55","115","41","15","23","23","7","0"
"Mitch Keller","PIT","SP","175.5","154","10","0","4.29","1.29","84","173","53","22","31","31","11","0"
"Quinn Priester","MIL","SP","136.5","113","8","0","4.13","1.30","63","132","45","16","24","24","8","0"
"Yusei Kikuchi","LAA","SP","166.7","168","9","0","4.27","1.32","79","160","60","25","31","30","10","0"
"Will Warren","NYY","SP","124.8","123","7","0","4.26","1.31","59","118","45","17","35","21","7","0"
"Joey Cantillo","CLE","SP,RP","132.2","140","7","0","3.89","1.30","57","116","57","16","43","21","7","0"
"Brayan Bello","BOS","SP","156.4","128","10","0","4.26","1.34","74","155","55","18","28","28","9","0"
"Zebby Matthews","MIN","SP","116.5","114","7","0","4.10","1.24","53","114","30","17","29","21","7","0"
"Cody Ponce","TOR","SP","142.8","147","8","0","4.08","1.25","65","132","46","19","38","22","8","0"
"Clay Holmes","NYM","SP","148.7","121","10","0","3.94","1.34","65","143","56","14","28","28","9","0"
"Michael Wacha","KC","SP","165.1","128","10","0","4.32","1.29","79","164","49","22","29","29","10","0"
"Edwin Uceta","TB","RP","60.6","73","4","11","3.74","1.20","25","50","23","8","59","0","3","0"
"Bailey Ober","MIN","SP","157.3","143","9","0","4.36","1.20","76","152","38","26","28","28","9","1"
"Robert Garcia","TEX","RP","61.8","67","4","20","3.63","1.23","25","54","22","7","64","0","3","0"
"Mike Burrows","HOU","SP","131.1","130","7","0","4.14","1.26","60","120","45","19","30","25","7","0"
"Brandon Pfaadt","ARI","SP","164.5","144","10","0","4.38","1.26","80","168","39","24","29","29","10","0"
"Grant Taylor","CWS","RP","84.7","101","5","5","3.27","1.19","31","69","32","7","70","3","4","0"
"Seth Lugo","KC","SP","159.1","133","9","0","4.42","1.32","78","158","52","23","28","28","9","0"
"Braxton Ashcraft","PIT","SP,RP","132.5","119","7","0","3.94","1.29","58","129","42","14","38","22","7","0"
"Cade Cavalli","WSH","SP","133.8","114","7","0","4.29","1.34","64","132","47","16","25","25","8","0"
"Reynaldo Lopez","ATL","SP","131.9","133","8","0","3.96","1.26","58","120","46","16","31","23","7","0"
"Chris Bassitt","BAL","SP","167.9","151","10","0","4.30","1.32","80","164","57","23","33","29","10","1"
"Zach Eflin","BAL","SP","141.7","110","9","0","4.39","1.24","69","148","28","22","29","24","8","0"
"Ian Seymour","TB","SP,RP","111.3","108","6","0","4.05","1.22","50","102","34","15","38","16","6","0"
"Jameson Taillon","CHC","SP","152.4","118","9","0","4.45","1.24","75","151","37","25","27","27","9","0"
"Riley O'Brien","STL","RP","62.4","64","3","14","3.73","1.32","26","55","27","6","60","0","3","0"
"Andrew Painter","PHI","SP","106.4","93","6","0","4.65","1.37","55","107","39","17","27","19","6","0"
"Justin Steele","CHC","SP","85.1","80","6","0","3.59","1.18","34","77","23","9","16","15","4","0"
"Luis Severino","ATH","SP","168.2","134","9","0","4.59","1.34","86","170","54","24","29","29","11","0"
"Tyler Mahle","SF","SP","130.4","107","8","0","4.12","1.28","60","126","41","16","24","24","8","0"
"Luis Gil","NYY","SP","102.4","101","6","0","4.35","1.33","49","87","49","14","38","14","5","0"
"Robby Snelling","MIA","SP","80.4","70","5","0","4.17","1.34","37","79","29","10","15","15","5","0"
"Jacob Lopez","ATH","SP","122.5","129","7","0","4.29","1.29","58","109","49","18","23","23","8","0"
"Jose Berrios","TOR","SP","121.4","102","7","0","4.41","1.29","59","119","38","19","37","17","7","0"
"Kirby Yates","LAA","RP","55.7","66","3","9","4.01","1.28","25","45","26","8","57","0","3","0"
"Reid Detmers","LAA","RP","136.5","150","8","0","4.20","1.27","64","124","50","19","31","24","8","0"
"Chad Patrick","MIL","SP","140.8","132","8","0","4.35","1.27","68","133","47","22","27","26","8","0"
"Clayton Beeter","WSH","RP","61.9","72","3","16","3.90","1.35","27","50","33","7","57","0","3","0"
"Will Vest","DET","RP","66.7","67","4","6","3.41","1.21","25","59","21","6","66","0","3","0"
"Jeffrey Springs","ATH","SP","161.9","137","9","0","4.61","1.31","83","161","52","27","29","29","10","0"
"JoJo Romero","STL","RP","61.8","58","4","12","3.68","1.30","25","56","24","6","64","0","3","0"
"Kevin Ginkel","ARI","RP","62.2","64","4","13","3.85","1.28","27","57","23","6","62","0","3","0"
"Robert Stephenson","LAA","RP","46.3","52","2","7","3.98","1.19","20","40","15","7","46","0","2","0"
"Kyle Finnegan","DET","RP","62.7","59","4","4","3.92","1.28","27","58","22","7","63","0","3","0"
"Braxton Garrett","MIA","SP","122.6","110","7","0","3.97","1.22","54","120","30","15","29","22","7","1"
"Cristian Javier","HOU","SP","139.9","128","8","0","4.68","1.33","73","128","58","22","26","26","9","0"
"Jeremiah Estrada","SD","RP","68.0","92","4","1","3.37","1.15","25","51","27","8","69","0","3","0"
"Taylor Rogers","MIN","RP","58.4","61","3","16","4.13","1.34","27","54","25","7","60","0","3","0"
"Victor Vodnik","COL","RP","63.1","59","3","19","4.31","1.47","30","62","30","7","61","0","4","0"
"Max Meyer","MIA","SP","126.0","116","7","0","4.33","1.31","61","124","42","17","28","23","8","0"
"Eduardo Rodriguez","ARI","SP","133.9","119","8","0","4.42","1.36","66","135","48","18","28","24","8","0"
"Spencer Schwellenbach","ATL","SP","72.2","69","5","0","3.53","1.12","28","65","16","9","12","12","3","0"
"Paul Sewald","ARI","RP","55.7","56","3","10","4.41","1.25","27","51","18","9","57","0","3","0"
"Grant Holmes","ATL","SP","127.5","127","7","0","4.23","1.33","60","121","49","17","32","21","7","0"
"Tanner Scott","LAD","RP","63.0","71","4","4","3.56","1.23","25","52","25","7","63","0","3","0"
"Simeon Woods Richardson","MIN","SP","131.4","117","7","0","4.50","1.33","66","125","49","19","29","25","8","0"
"Matthew Liberatore","STL","SP","148.0","122","8","0","4.33","1.30","71","147","46","19","28","28","10","0"
"Michael McGreevy","STL","SP","135.5","94","8","0","4.15","1.28","62","140","33","16","28","23","8","0"
"Taj Bradley","MIN","SP","132.8","126","7","0","4.32","1.30","64","125","47","19","30","24","8","0"
"Mick Abel","MIN","SP","110.8","100","6","0","4.63","1.42","57","107","50","15","28","20","7","0"
"Slade Cecconi","CLE","SP","151.9","126","8","0","4.49","1.26","76","152","40","25","28","28","10","0"
"Lucas Erceg","KC","RP","61.8","59","4","4","3.77","1.28","26","56","23","6","61","0","4","0"
"Kyle Harrison","MIL","SP","89.9","90","5","0","4.22","1.31","42","82","35","13","28","15","4","0"
"Garrett Cleavinger","TB","RP","62.8","78","4","7","3.42","1.16","24","49","24","7","66","0","3","0"
"Dustin May","STL","SP","146.8","131","8","0","4.31","1.30","70","137","54","18","30","25","9","0"
"Tony Santillan","CIN","RP","68.3","72","3","4","4.20","1.33","32","61","30","9","70","0","3","0"
"Luis Morales","ATH","SP","114.0","101","6","0","4.59","1.35","58","108","46","18","27","20","7","0"
"Jared Jones","PIT","SP","93.9","95","6","0","3.96","1.24","41","85","32","12","21","17","6","0"
"Jose A. Ferrer","SEA","RP","68.2","64","4","3","3.26","1.18","25","61","20","5","67","0","3","0"
"Garrett Whitlock","BOS","RP","67.9","75","4","3","3.34","1.15","25","59","20","6","63","0","3","0"
"Hurston Waldrep","ATL","SP","58.4","50","4","0","4.41","1.41","29","56","26","7","11","11","4","0"
"Adrian Morejon","SD","RP","66.7","67","5","3","3.34","1.18","25","58","21","6","67","0","4","0"
"Troy Melton","DET","RP","57.8","53","3","0","4.09","1.26","26","54","18","8","32","5","3","0"
"Landen Roupp","SF","SP","121.2","113","7","0","4.09","1.34","55","115","48","13","28","23","7","0"
"Matt Brash","SEA","RP","61.6","74","3","3","3.22","1.21","22","50","24","5","62","0","3","0"
"Kumar Rocker","TEX","SP","95.4","86","5","0","4.21","1.29","45","92","31","12","29","16","6","0"
"Jacob Latz","TEX","SP,RP","101.2","97","5","0","4.35","1.38","49","91","49","13","44","11","5","0"
"Jonah Tong","NYM","SP","30.9","34","2","0","3.59","1.25","12","25","13","3","11","5","2","0"
"Tyler Wells","BAL","SP","68.7","62","4","0","4.28","1.19","33","64","18","12","43","4","4","0"
"Michael Soroka","ARI","SP","93.4","93","5","2","4.12","1.26","43","84","34","12","41","11","5","0"
"Luke Weaver","NYM","RP","66.6","72","4","5","3.97","1.21","29","59","22","10","61","0","3","0"
"Camilo Doval","NYY","RP","63.1","72","4","4","3.58","1.29","25","51","30","5","64","0","3","0"
"Dean Kremer","BAL","SP","136.5","116","8","0","4.42","1.29","67","134","42","21","32","23","8","0"
"Jordan Leasure","CWS","RP","62.9","71","3","5","4.19","1.29","29","53","28","9","64","0","4","0"
"Spencer Arrighetti","HOU","SP","86.0","86","5","0","4.59","1.36","44","79","38","13","24","14","5","0"
"Nick Martinez","TB","SP,RP","144.8","112","8","0","4.34","1.28","70","145","40","19","41","22","9","0"
"Johan Oviedo","BOS","SP","96.0","92","5","0","4.30","1.33","46","87","41","12","32","15","5","0"
"Alex Vesia","LAD","RP","61.9","78","4","2","3.59","1.16","25","47","25","9","64","0","3","0"
"Hunter Harvey","CHC","RP","50.9","55","3","4","3.38","1.14","19","43","15","5","50","0","2","0"
"Lucas Giolito","","SP","116.5","105","7","0","4.65","1.37","60","114","46","18","24","21","8","0"
"Payton Tolle","BOS","SP","52.1","55","3","0","4.09","1.24","24","47","18","8","26","6","3","0"
"Tyler Rogers","TOR","RP","69.4","48","4","3","3.71","1.22","29","69","15","7","72","0","3","0"
"Zack Littell","WSH","SP","144.1","108","7","0","4.53","1.25","73","149","31","24","26","25","9","0"
"Phil Maton","CHC","RP","63.3","70","4","5","3.67","1.21","26","53","24","7","65","0","3","0"
"Brad Keller","PHI","RP","67.0","61","4","2","4.01","1.33","30","62","27","8","62","0","3","0"
"Hunter Gaddis","CLE","RP","66.7","64","3","3","3.88","1.21","29","60","21","9","64","0","3","0"
"Matt Strahm","KC","RP","63.6","69","4","2","3.57","1.14","25","53","19","8","64","0","3","0"
"Gregory Soto","PIT","RP","60.6","65","3","4","3.79","1.31","26","54","25","5","64","0","3","0"
"Adrian Houser","SF","SP","143.6","104","8","0","4.36","1.37","70","149","48","16","26","26","9","0"
"Justin Sterner","ATH","RP","64.9","66","3","8","4.27","1.27","31","59","24","10","62","0","3","0"
"Yimi Garcia","TOR","RP","53.4","59","3","4","3.74","1.20","22","45","19","7","53","0","3","0"
"Aaron Ashby","MIL","RP","77.7","80","4","1","3.74","1.37","32","69","37","6","59","2","4","0"
"Foster Griffin","WSH","SP","133.0","122","7","0","4.15","1.27","61","127","42","17","29","23","8","0"
"Andrew Kittredge","BAL","RP","59.1","59","4","4","3.74","1.19","25","55","16","8","59","0","3","0"
"Justin Verlander","DET","SP","139.4","116","8","0","4.41","1.30","68","136","46","20","26","26","8","0"
"Brandon Sproat","MIL","SP","78.9","66","4","0","4.21","1.33","37","74","30","9","27","12","4","0"
"Gabe Speier","SEA","RP","58.3","69","3","0","3.30","1.11","21","47","17","6","63","0","3","0"
"Cole Sands","MIN","RP","67.1","65","4","4","3.96","1.23","30","62","20","8","66","0","3","0"
"Chris Martin","TEX","RP","52.3","52","3","6","3.45","1.14","20","49","11","6","53","0","3","0"
"Max Scherzer","TOR","SP","95.2","91","5","0","4.40","1.22","47","89","27","17","27","16","6","0"
"Matt Svanson","STL","RP","63.7","59","3","6","3.73","1.29","26","59","24","6","58","0","3","0"
"Rhett Lowder","CIN","SP","105.6","82","5","0","4.55","1.35","53","108","34","14","27","19","6","0"
"Alexis Diaz","TEX","RP","34.2","35","2","1","4.69","1.39","18","30","18","5","32","0","2","0"
"Jose Alvarado","PHI","RP","58.9","67","4","3","3.48","1.25","23","50","23","6","60","0","3","0"
"Jordan Romano","LAA","RP","57.3","61","3","5","4.28","1.29","27","52","22","8","58","0","3","0"
"Davis Martin","CWS","SP","149.4","115","7","0","4.61","1.36","77","151","52","21","28","28","10","0"
"Shawn Armstrong","CLE","RP","67.2","66","3","3","3.80","1.21","28","60","21","8","66","0","3","0"
"Mark Leiter Jr.","ATH","RP","62.6","68","4","6","4.13","1.32","29","58","24","8","64","0","4","0"
"Kutter Crawford","BOS","SP","76.8","74","5","0","4.23","1.21","36","71","22","12","42","6","4","0"
"Orion Kerkering","PHI","RP","63.0","68","4","1","3.48","1.21","24","54","22","6","65","0","3","0"
"Ben Joyce","LAA","RP","45.4","51","2","10","3.69","1.27","19","37","21","4","45","0","2","0"
"Ben Brown","CHC","SP,RP","61.7","67","3","0","3.80","1.21","26","55","20","7","40","2","3","0"
"Jason Adam","SD","RP","55.7","59","4","1","3.49","1.18","22","45","20","6","56","0","3","0"
"Lance McCullers Jr.","HOU","SP","98.2","95","5","0","4.53","1.43","49","92","49","13","27","18","6","0"
"Calvin Faucher","MIA","RP","63.5","63","3","6","4.06","1.36","29","60","27","7","64","0","4","0"
"Robert Gasser","MIL","SP","75.0","70","4","0","3.97","1.25","33","69","24","10","34","9","4","0"
"Tyler Holton","DET","SP,RP","70.5","58","4","1","3.69","1.17","29","65","18","9","67","0","4","0"
"Jared Koenig","MIL","RP","64.3","65","4","1","3.59","1.23","26","57","22","7","64","0","3","0"
"Graham Ashcraft","CIN","RP","64.4","57","4","2","3.92","1.31","28","63","22","7","59","0","3","0"
"Steven Matz","TB","RP","124.2","105","6","0","4.18","1.28","58","124","34","17","35","20","7","0"
"Thomas White","MIA","SP","26.3","27","1","0","4.18","1.40","12","23","13","3","5","5","2","0"
"Dylan Lee","ATL","RP","64.8","72","3","1","3.63","1.16","26","57","18","9","66","0","3","0"
"Joe Boyle","TB","SP","81.3","90","5","0","4.06","1.35","37","67","43","9","27","13","5","0"
"Christian Scott","NYM","SP","35.3","34","2","0","4.04","1.22","16","33","10","5","22","3","2","0"
"Patrick Sandoval","BOS","SP","79.6","72","4","0","4.10","1.39","36","77","34","8","39","9","4","0"
"Sean Burke","CWS","SP","140.8","133","7","0","4.77","1.39","75","135","62","23","26","26","10","0"
"Aaron Civale","ATH","SP","124.2","107","7","0","4.69","1.31","65","123","40","20","23","23","8","0"
"A.J. Minter","NYM","RP","49.1","55","3","1","3.46","1.17","19","40","17","6","50","0","2","0"
"Cole Henry","WSH","RP","62.1","59","2","13","4.77","1.44","33","57","33","9","63","0","3","0"
"Griffin Canning","SD","SP","97.3","85","5","0","4.47","1.35","48","94","37","15","27","17","6","0"
"Fernando Cruz","NYY","RP","58.6","79","4","2","3.61","1.23","24","46","27","7","59","0","3","0"
"Colin Rea","CHC","SP","83.2","65","4","0","4.46","1.30","41","84","24","12","37","9","5","0"
"Kyle Leahy","STL","RP","112.3","93","5","0","4.31","1.35","54","112","40","13","48","14","6","0"
"Louis Varland","TOR","RP","67.2","67","4","2","3.73","1.22","28","62","20","8","62","0","3","0"
"Corbin Burnes","ARI","SP","44.1","40","3","0","3.69","1.22","18","40","14","5","7","7","2","0"
"Quinn Mathews","STL","SP","43.8","40","2","0","4.55","1.53","22","40","27","5","9","9","3","0"
"Andre Pallante","STL","SP","136.9","95","8","0","4.34","1.41","66","140","53","13","26","25","9","0"
"Drew Pomeranz","LAA","RP","55.3","60","3","3","3.88","1.23","24","49","19","7","57","0","3","0"
"Javier Assad","CHC","SP","63.2","51","3","0","4.17","1.34","29","61","24","8","40","4","3","0"
"Bryan Baker","TB","RP","62.9","70","3","2","3.86","1.22","27","53","23","8","64","0","3","0"
"JP Sears","SD","SP","54.8","46","3","0","4.56","1.27","28","53","16","10","20","8","3","0"
"Ryan Thompson","ARI","RP","62.4","51","4","4","3.92","1.30","27","62","19","6","63","0","3","0"
"Jakob Junis","TEX","RP","63.3","55","3","0","4.06","1.22","29","61","17","8","57","0","3","0"
"Justin Topa","MIN","RP","62.0","51","3","4","4.04","1.34","28","63","20","6","61","0","3","0"
"Carmen Mlodzinski","PIT","SP,RP","71.7","64","4","0","3.82","1.29","30","68","24","7","45","4","4","0"
"A.J. Puk","ARI","RP","35.0","40","2","5","3.40","1.17","13","29","12","4","34","0","1","0"
"Anthony Kay","CWS","SP","128.1","106","6","0","4.54","1.39","65","127","51","18","33","21","9","1"
"Bryan King","HOU","RP","64.5","64","4","1","3.63","1.20","26","58","19","7","66","0","3","0"
"Keegan Akin","BAL","RP","65.6","66","4","2","4.01","1.27","29","60","24","9","64","0","3","0"
"Kyle Freeland","COL","SP","160.8","118","7","0","5.06","1.42","90","185","44","26","29","29","12","0"
"Caleb Thielbar","CHC","RP","62.3","64","4","1","3.72","1.20","26","54","21","8","66","0","3","0"
"Hogan Harris","ATH","RP","65.9","63","3","10","4.37","1.40","32","61","31","8","57","0","3","0"
"Bennett Sousa","HOU","RP","52.0","57","3","1","3.56","1.19","21","44","18","6","50","0","2","0"
"Drew Anderson","DET","SP","74.8","82","4","0","4.01","1.27","33","64","31","9","46","5","4","0"
"Taijuan Walker","PHI","SP,RP","116.0","81","6","0","5.00","1.43","64","123","42","19","39","17","7","0"
"Brad Lord","WSH","SP,RP","98.7","78","5","0","4.38","1.34","48","99","34","12","40","13","6","0"
"Walker Buehler","SD","SP","52.7","41","3","0","4.95","1.43","29","54","21","9","21","8","3","0"
"Michael Lorenzen","COL","SP","142.9","113","6","0","5.10","1.44","81","153","52","24","26","26","10","0"
"Ryan Weiss","HOU","RP","84.3","81","5","0","4.33","1.32","41","79","33","12","35","10","5","0"
"Hunter Barco","PIT","SP","87.5","81","5","0","4.14","1.34","40","81","36","10","35","12","4","0"
"Connor Phillips","CIN","RP","55.0","58","3","1","4.53","1.40","28","49","28","8","49","0","3","0"
"Eduard Bazardo","SEA","RP","67.1","69","3","1","3.67","1.20","27","57","23","8","66","0","3","0"
"Scott Barlow","ATH","RP","55.9","60","3","3","4.28","1.39","27","49","29","6","58","0","3","0"
"Clarke Schmidt","NYY","SP","29.0","27","2","0","3.93","1.23","13","26","10","4","13","4","2","0"
"Josiah Gray","WSH","SP","96.3","83","5","0","4.94","1.39","53","94","40","16","18","17","7","0"
"Bryce Elder","ATL","SP","118.1","97","7","0","4.57","1.37","60","122","40","15","25","20","7","0"
"Cody Bradford","TEX","SP","69.6","60","4","0","4.19","1.20","32","67","17","11","31","8","4","0"
"Steven Okert","HOU","RP","62.5","71","3","0","3.86","1.19","27","52","22","9","64","0","3","0"
"Eric Lauer","TOR","SP,RP","62.2","58","3","0","4.28","1.27","30","59","20","10","41","3","3","0"
"Elvis Alvarado","ATH","RP","59.4","63","3","3","4.22","1.38","28","53","29","8","57","0","3","0"
"Kody Funderburk","MIN","RP","61.4","58","3","3","3.88","1.35","26","58","25","5","58","0","3","0"
"Tyler Anderson","","SP","94.7","74","5","0","4.88","1.42","51","96","38","15","20","17","7","0"
"Mason Montgomery","PIT","RP","61.4","66","3","1","3.96","1.32","27","56","26","7","59","0","3","0"
"Jose Quintana","COL","SP","139.9","96","7","0","5.10","1.50","79","155","55","20","25","25","10","0"
"Alex Cobb","","SP","42.0","35","3","0","4.10","1.31","19","41","14","4","12","7","3","0"
"Brooks Raley","NYM","RP","57.5","57","3","1","3.78","1.22","24","50","20","6","60","0","3","0"
"Richard Fitts","STL","SP","117.2","90","6","0","4.52","1.34","59","119","38","17","30","21","7","0"
"Blake Treinen","LAD","RP","55.5","62","4","1","3.85","1.27","24","49","21","7","56","0","3","0"
"Jordan Montgomery","TEX","SP","50.9","40","3","0","4.46","1.34","25","52","17","7","15","8","3","0"
"Luis Garcia","NYM","RP","58.0","52","3","0","4.01","1.35","26","56","22","6","58","0","3","0"
"Justin Slaten","BOS","RP","60.2","57","4","1","3.92","1.26","26","56","20","7","57","0","3","0"
"Aaron Bummer","ATL","RP","60.3","62","4","0","3.64","1.31","24","57","22","5","58","0","3","0"
"David Festa","MIN","SP","50.2","51","3","0","4.19","1.28","23","46","18","7","18","8","3","0"
"Andrew Nardi","MIA","RP","52.5","64","3","0","3.71","1.24","22","44","21","6","54","0","2","0"
"Erik Miller","SF","RP","57.9","62","3","3","3.68","1.37","24","49","31","5","59","0","3","0"
"J.T. Ginn","ATH","SP","74.2","69","4","0","4.23","1.32","35","71","26","9","29","10","4","0"
"Tobias Myers","NYM","SP,RP","66.0","56","3","0","4.15","1.29","30","65","20","9","44","4","3","0"
"Randy Vasquez","SD","SP","129.0","87","6","0","4.86","1.41","70","134","47","19","30","24","8","0"
"Chris Paddack","MIA","SP","131.0","99","6","0","4.76","1.32","69","138","34","22","31","23","8","0"
"Anthony Bender","MIA","RP","58.9","55","3","1","3.91","1.30","26","54","23","6","61","0","3","0"
"Tanner Banks","PHI","RP","62.2","58","3","0","3.96","1.23","27","59","18","8","61","0","3","0"
"Tyler Kinley","ATL","RP","62.1","67","3","1","4.09","1.29","28","54","26","8","64","0","3","0"
"Jordan Hicks","CWS","SP,RP","57.9","52","3","1","4.20","1.40","27","55","26","6","53","0","3","0"
"Braydon Fisher","TOR","RP","51.9","59","3","0","3.79","1.28","22","43","23","6","52","0","2","0"
"Seth Halvorsen","COL","RP","46.6","43","2","4","4.63","1.47","24","47","21","6","45","0","3","0"
"Sean Newcomb","CWS","SP,RP","67.0","64","3","1","4.03","1.35","30","63","28","7","54","2","3","0"
"Jose Urquidy","PIT","SP","92.4","69","5","0","4.88","1.35","50","96","29","14","29","15","6","0"
"Angel Zerpa","MIL","RP","59.8","55","3","0","3.67","1.27","24","56","20","6","60","0","3","0"
"Brant Hurter","DET","RP","53.8","48","3","0","3.72","1.25","22","51","17","5","45","0","3","0"
"Jose Butto","SF","RP","64.0","58","3","2","4.08","1.34","29","59","27","7","58","0","3","0"
"Gus Varland","WSH","RP","29.1","27","1","0","4.42","1.39","14","29","12","4","29","0","1","0"
"Justin Wrobleski","LAD","RP","58.7","53","3","0","4.27","1.32","28","57","21","8","33","4","3","0"
"Wade Miley","","SP","32.7","21","2","0","4.85","1.45","18","35","12","5","8","6","3","1"
"Erik Sabrowski","CLE","RP","59.1","72","3","1","3.88","1.36","26","47","33","6","58","0","3","0"
"Janson Junk","MIA","SP","84.4","61","4","0","4.28","1.28","40","88","19","11","38","10","4","0"
"Austin Gomber","TEX","SP","18.4","14","1","0","4.74","1.32","10","19","5","3","6","3","2","0"
"PJ Poulin","WSH","","57.3","56","3","2","4.04","1.35","26","53","24","6","57","0","3","0"
"Chase Silseth","LAA","RP","55.3","54","3","0","4.30","1.39","26","51","26","7","49","0","3","0"
"Cal Quantrill","TEX","SP","15.3","12","1","0","5.06","1.40","9","16","5","2","5","3","1","0"
"Greg Weissert","BOS","RP","64.6","57","4","1","4.16","1.32","30","62","23","8","66","0","3","0"
"Yennier Cano","BAL","RP","57.5","53","3","1","3.81","1.31","24","55","21","6","60","0","3","0"
"Chris Flexen","","RP","27.4","21","2","0","4.76","1.44","15","30","10","5","12","1","2","0"
"Jordan Wicks","CHC","RP","33.4","30","2","0","4.07","1.31","15","32","11","4","19","2","2","0"
"Matt Festa","CLE","RP","58.8","58","3","0","4.05","1.27","26","53","21","7","59","0","3","0"
"Pierce Johnson","CIN","RP","60.5","66","3","1","4.26","1.32","29","56","24","9","62","0","3","0"
"Cole Irvin","LAD","SP","10.6","7","0","0","4.86","1.38","6","12","3","2","2","2","1","0"
"River Ryan","LAD","SP","43.1","36","2","0","4.51","1.38","22","42","17","6","13","8","2","0"
"Alek Manoah","LAA","SP","74.0","63","3","0","4.97","1.42","41","73","32","12","14","14","5","0"
"Ken Waldichuk","WSH","SP","11.4","11","0","0","4.55","1.44","6","11","6","1","10","0","1","0"
"Spencer Turnbull","","SP","35.9","28","2","0","4.90","1.47","20","37","15","5","10","6","3","0"
"Jack Dreyer","LAD","SP,RP","53.1","52","3","0","3.88","1.25","23","47","19","6","53","0","2","0"
"Chase Dollander","COL","SP","117.0","100","5","0","5.33","1.51","69","123","53","18","23","23","9","0"
"Miles Mikolas","WSH","SP","143.9","94","7","0","4.83","1.32","77","156","34","24","27","27","10","0"
"Cade Gibson","MIA","RP","61.2","48","3","0","4.18","1.39","28","61","24","6","55","0","3","0"
"Tommy Henry","ARI","SP","9.0","8","1","0","5.52","1.62","6","10","5","2","2","2","0","0"
"Tommy Nance","TOR","RP","56.0","54","3","0","3.79","1.27","24","53","18","6","54","0","3","0"
"JR Ritchie","ATL","SP","26.1","22","2","0","4.55","1.38","13","26","10","3","5","5","1","0"
"John Schreiber","KC","RP","62.3","58","3","1","4.10","1.30","28","59","23","7","66","0","3","0"
"Dane Dunning","SEA","RP","16.5","14","1","0","4.40","1.32","8","16","6","2","8","2","1","0"
"Brusdar Graterol","LAD","RP","43.7","36","3","0","3.45","1.20","17","40","12","4","43","0","2","0"
"Jose Leclerc","","RP","37.3","41","2","0","4.19","1.32","17","32","17","5","37","0","2","0"
"Hoby Milner","CHC","RP","62.0","53","3","0","3.86","1.28","27","61","18","7","63","0","3","0"
"Ryan Yarbrough","NYY","SP,RP","63.9","52","3","0","4.34","1.26","31","62","19","10","43","2","3","0"
"Elmer Rodriguez","NYY","SP","8.9","8","0","0","4.05","1.36","4","9","3","1","6","1","0","0"
"Paul Blackburn","NYY","RP","61.2","51","3","0","4.45","1.32","30","62","19","8","46","3","3","0"
"Kendall Graveman","","RP","36.7","32","2","0","4.57","1.48","19","36","18","4","36","0","2","0"
"Hector Neris","KC","RP","21.3","22","1","0","4.54","1.37","11","19","10","3","22","0","2","0"
"Mason Englert","TB","RP","60.4","57","3","0","4.07","1.26","27","58","18","8","53","0","3","0"
"Vince Velasquez","CHC","SP","8.7","9","0","0","4.57","1.43","4","8","5","1","8","0","1","0"
"Colin Holderman","CLE","RP","42.5","40","2","0","4.22","1.37","20","40","18","5","42","0","2","0"
"Trevor Williams","WSH","SP","30.0","24","1","0","4.53","1.37","15","32","9","4","19","2","2","0"
"Brendon Little","TOR","RP","53.9","59","3","0","3.55","1.37","21","45","28","4","57","0","3","0"
"Julian Fernandez","WSH","RP","38.3","39","2","0","4.11","1.29","18","35","14","5","37","0","2","0"
"Isaac Mattson","PIT","RP","62.6","60","3","2","4.24","1.36","30","57","28","8","60","0","3","0"
"Tim Herrin","CLE","RP","52.6","54","3","0","3.83","1.34","22","46","25","5","55","0","3","0"
"Patrick Corbin","","SP","94.1","75","5","0","4.85","1.42","51","102","32","14","20","17","7","0"
"Ryne Stanek","STL","RP","56.9","58","3","3","4.25","1.37","27","51","26","7","60","0","4","0"
"Cade Povich","BAL","SP","25.7","25","1","0","4.23","1.31","12","25","9","4","12","3","2","0"
"Drey Jameson","ARI","RP","40.7","37","2","1","4.22","1.37","19","39","16","5","36","0","2","0"
"Jovani Moran","BOS","SP,RP","48.6","53","3","0","3.83","1.32","21","43","21","5","46","0","2","0"
"Brock Burke","CIN","RP","62.0","56","3","0","4.23","1.31","29","60","21","8","63","0","3","0"
"Jake Irvin","WSH","SP","121.3","89","6","0","4.86","1.36","66","125","40","20","30","20","8","0"
"Nick Mears","KC","RP","60.2","58","3","0","4.15","1.31","28","56","23","7","61","0","3","0"
"Justin Lawrence","PIT","RP","56.8","56","3","1","4.08","1.39","26","52","27","5","54","0","3","0"
"Noah Schultz","CWS","SP","22.1","19","1","0","4.68","1.44","12","22","10","3","4","4","2","0"
"Sawyer Gipson-Long","DET","SP","30.8","28","1","0","4.07","1.21","14","29","8","4","21","2","2","0"
"Sam Hentges","SF","RP","42.4","42","2","0","3.57","1.26","17","39","15","4","43","0","2","0"
"Hayden Birdsong","SF","SP,RP","42.7","42","2","0","4.64","1.41","22","39","21","6","16","6","3","0"
"Wandy Peralta","SD","RP","58.4","50","3","0","3.87","1.35","25","54","24","6","60","0","3","0"
"Hunter Dobbins","STL","SP","84.5","63","4","0","4.42","1.35","42","86","28","10","25","13","5","0"
"German Marquez","SD","SP","118.4","87","6","0","5.08","1.43","67","128","41","19","26","22","8","0"
"Ricky Tiedemann","TOR","SP","18.6","19","1","0","4.27","1.37","9","17","9","2","12","2","1","0"
"Danny Coulombe","BOS","RP","48.5","48","3","0","3.80","1.26","20","44","17","5","52","0","2","0"
"Carlos Lagrange","NYY","SP","9.3","10","1","0","4.37","1.62","5","8","8","1","2","2","1","0"
"Brent Headrick","NYY","RP","48.0","49","2","0","4.02","1.23","21","43","16","7","42","0","2","0"
"Jack Perkins","ATH","","32.8","31","2","0","3.88","1.29","14","29","14","4","24","1","2","0"
"David Morgan","SD","RP","59.0","60","3","0","4.11","1.32","27","53","25","7","56","0","3","0"
"Cole Winn","TEX","RP","62.4","54","3","4","4.36","1.38","30","58","29","8","55","0","3","0"
"Ryan Bergert","KC","SP","58.8","49","3","0","4.72","1.40","31","58","24","8","23","9","3","0"
"Enyel De Los Santos","HOU","RP","60.6","58","3","0","4.33","1.30","29","56","23","9","61","0","3","0"
"Cole Sulser","TB","RP","52.1","48","3","0","4.14","1.31","24","49","19","7","49","0","3","0"
"Jacob Webb","CHC","RP","54.8","52","3","0","4.28","1.30","26","49","22","7","55","0","3","0"
"Justin Wilson","","RP","42.9","46","2","0","3.75","1.28","18","39","16","5","44","0","2","0"
"Gage Jump","ATH","SP","39.5","33","2","0","4.42","1.34","19","39","14","6","8","8","2","0"
"Jimmy Herget","COL","RP","75.0","69","3","2","4.45","1.33","37","76","24","11","68","0","4","0"
"Kevin Kelly","TB","RP","45.6","40","2","0","3.87","1.20","20","43","11","5","45","0","3","0"
"Ben Casparius","LAD","RP","57.5","54","3","0","4.43","1.33","28","55","22","8","49","0","3","0"
"Carson Whisenhunt","SF","SP","42.4","33","2","0","4.46","1.38","21","43","15","6","16","6","2","0"
"Trevor McDonald","SF","SP","70.2","55","4","0","4.34","1.36","34","71","25","8","27","9","4","0"
"Jonathan Bowlan","PHI","RP","55.5","53","3","0","4.13","1.30","26","53","19","7","50","0","3","0"
"Caden Dana","LAA","SP","90.1","78","4","0","5.04","1.43","50","88","40","16","17","17","7","0"
"Brock Stewart","LAD","RP","37.2","43","2","0","3.97","1.26","16","32","15","5","38","0","2","0"
"Chase Petty","CIN","SP","48.4","37","2","0","5.15","1.50","28","51","22","7","27","5","4","0"
"Jarlin Susana","WSH","SP","9.0","12","1","0","4.48","1.55","5","7","7","1","2","2","1","0"
"Yoendrys Gomez","TB","SP,RP","53.3","53","3","0","4.30","1.31","25","48","22","8","36","3","3","0"
"Mason Fluharty","TOR","RP","43.3","44","2","0","3.98","1.30","19","38","18","5","44","0","2","0"
"Juan Mejia","COL","RP","64.5","67","3","3","4.47","1.42","32","62","30","8","63","0","3","0"
"Stephen Kolek","KC","SP","71.1","50","4","0","4.33","1.37","34","75","23","7","31","9","4","0"
"Bobby Miller","LAD","SP,RP","21.6","20","1","0","4.58","1.40","11","21","10","3","18","0","1","0"
"Nestor Cortes Jr.","","SP","32.8","30","2","0","4.52","1.28","16","31","11","6","6","6","2","0"
"AJ Blubaugh","HOU","RP","44.3","40","2","0","4.49","1.36","22","42","19","7","31","3","3","0"
"Ryan Brasier","TEX","RP","43.5","38","2","0","3.97","1.23","19","41","13","5","43","0","2","0"
"Brandon Eisert","CWS","RP","55.0","53","3","0","4.22","1.32","26","53","20","7","54","0","3","0"
"Justin Martinez","ARI","RP","21.7","27","1","1","3.24","1.30","8","17","11","1","21","0","1","0"
"Ryan Zeferjahn","LAA","RP","58.8","66","3","1","4.40","1.38","29","51","30","8","58","0","3","0"
"Rob Zastryzny","MIL","RP","46.4","43","2","0","4.19","1.31","22","44","17","6","48","0","2","0"
"Joel Peguero","SF","RP","46.7","39","2","2","4.43","1.43","23","47","20","5","45","0","2","0"
"Joel Payamps","ATL","RP","51.5","48","3","0","4.10","1.28","23","50","16","7","53","0","2","0"
"Grant Anderson","MIL","RP","57.4","58","3","0","4.17","1.31","27","53","22","8","56","0","3","0"
"Evan Phillips","LAD","RP","24.9","26","2","0","3.47","1.16","10","21","8","3","26","0","1","0"
"Caleb Ferguson","CIN","RP","52.8","50","3","0","4.06","1.33","24","50","20","6","55","0","3","0"
"Michael Kopech","","RP","39.7","44","2","0","4.48","1.42","20","33","23","6","39","0","2","0"
"Mike Vasil","CWS","RP","76.4","61","3","1","4.42","1.39","38","75","32","10","60","1","4","0"
"George Klassen","LAA","SP","47.3","45","2","0","4.62","1.42","24","45","22","7","19","7","3","0"
"Adbert Alzolay","NYM","RP","44.1","42","2","0","4.18","1.26","20","41","15","6","43","0","3","0"
"Josh White","MIA","RP","44.5","46","3","0","3.96","1.31","20","40","18","5","42","0","2","0"
"Bradgley Rodriguez","SD","RP","44.8","41","3","0","4.17","1.39","21","41","21","5","43","0","2","0"
"Spencer Bivens","SF","RP","68.8","52","3","0","4.19","1.35","32","70","22","8","61","0","3","0"
"Dietrich Enns","BAL","RP","61.2","56","3","0","4.22","1.34","29","61","21","8","51","1","3","0"
"Huascar Brazoban","NYM","RP","53.5","51","3","0","4.08","1.34","24","49","23","6","51","0","3","0"
"Mitchell Parker","WSH","SP","49.2","37","3","0","4.60","1.36","25","51","16","7","27","4","3","0"
"Cooper Criswell","SEA","SP","61.2","50","3","0","4.05","1.29","28","60","19","7","40","3","3","0"
"Jake Bird","NYY","RP","54.8","57","3","0","3.97","1.31","24","49","23","6","52","0","3","0"
"Jalen Beeks","TEX","RP","51.7","46","3","0","4.05","1.34","23","49","20","6","52","0","3","0"
"Hunter Bigge","TB","RP","47.6","49","2","0","4.18","1.34","22","43","21","7","46","0","2","0"
"Matt Gage","SF","RP","53.0","45","2","0","4.02","1.35","24","52","19","5","52","0","2","0"
"Kade Strowd","ARI","RP","48.0","45","3","1","4.16","1.40","22","46","22","5","47","0","2","0"
"Brody Hopkins","TB","SP","8.5","8","0","0","4.53","1.45","4","8","4","1","2","2","1","0"
"Emerson Hancock","SEA","SP","68.6","54","4","0","4.42","1.32","34","68","23","10","35","7","3","0"
"Porter Hodge","CHC","RP","34.0","37","2","0","4.12","1.38","16","29","18","4","33","0","2","0"
"Brenan Hanifee","DET","RP","59.0","44","3","0","3.95","1.30","26","60","17","6","55","0","3","0"
"DL Hall","MIL","RP","52.7","50","3","0","4.12","1.36","24","48","24","6","45","0","2","0"
"Jon Gray","","RP","45.6","40","3","0","4.48","1.31","23","45","15","7","10","8","3","0"
"Ian Hamilton","ATL","RP","42.7","45","2","0","3.95","1.35","19","38","19","4","41","0","2","0"
"Felix Bautista","BAL","RP","10.7","14","1","0","3.24","1.18","4","8","5","1","11","0","1","0"
"Josh Sborz","TEX","RP","50.9","52","2","0","4.13","1.32","23","46","21","6","49","0","3","0"
"Kai-Wei Teng","HOU","SP","46.0","47","2","0","4.36","1.36","22","42","20","6","32","3","3","0"
"Hagen Smith","CWS","SP","16.1","16","1","0","4.57","1.47","8","14","10","2","3","3","1","0"
"Tanner McDougal","CWS","SP","30.5","26","1","0","4.63","1.43","16","29","14","4","11","5","2","0"
"Andre Granillo","WSH","RP","48.0","47","2","1","4.35","1.35","23","44","21","7","44","0","3","0"
"Didier Fuentes","ATL","SP","13.8","13","1","0","4.73","1.36","7","14","5","2","4","3","1","0"
"Brady Basso","ATH","SP","35.7","32","2","0","4.14","1.31","16","35","12","5","32","0","2","0"
"Coleman Crow","MIL","SP","19.9","20","1","0","3.73","1.20","8","18","6","2","16","1","1","0"
"Dauri Moreta","","RP","33.9","40","2","0","3.83","1.26","14","28","15","4","34","0","2","0"
"Jason Foley","SF","RP","28.9","24","2","0","3.59","1.25","12","28","8","2","30","0","1","0"
"Ethan Pecko","HOU","SP","10.9","10","1","0","4.13","1.38","5","10","6","2","3","3","1","0"
"Gregory Santos","SF","RP","40.1","35","2","1","3.91","1.39","17","39","17","3","38","0","2","0"
"Anthony Banda","MIN","RP","56.6","55","3","0","4.35","1.38","27","53","25","7","56","0","3","0"
"Erick Fedde","CWS","SP,RP","106.7","77","5","0","4.97","1.42","59","110","42","17","24","18","7","0"
"Luis Perales","WSH","SP","19.3","20","1","0","4.20","1.40","9","17","10","2","18","0","1","0"
"Craig Yoho","MIL","RP","37.3","40","2","0","3.88","1.32","16","32","17","4","37","0","2","0"
"Trey Gibson","BAL","SP","11.8","11","0","0","4.25","1.34","6","11","5","1","3","3","1","0"
"Luis Medina","ATH","SP","68.8","62","4","0","4.62","1.42","35","66","31","9","36","7","4","0"
"Casey Legumina","SEA","RP","48.7","47","3","0","4.19","1.32","23","45","20","6","47","0","3","0"
"Tyler Alexander","TEX","SP,RP","71.0","59","4","1","4.56","1.29","36","72","19","11","54","2","4","0"
"Daniel Espino","CLE","SP","21.2","22","1","0","4.25","1.40","10","19","10","3","18","1","1","0"
"Mitch Bratt","ARI","SP","13.6","10","1","0","4.39","1.28","7","14","3","2","4","3","1","0"
"Lake Bachar","MIA","RP","49.9","50","3","0","4.34","1.35","24","46","21","7","47","0","3","0"
"Yohan Ramirez","PIT","RP","52.4","54","3","0","4.14","1.34","24","48","22","5","49","0","3","0"
"Ty Johnson","TB","SP","11.8","12","1","0","4.10","1.25","5","10","4","1","2","2","1","0"
"Austin Warren","NYM","RP","41.6","38","3","0","4.30","1.32","20","39","15","6","38","0","2","0"
"Gunnar Hoglund","ATH","SP","49.2","38","2","0","4.91","1.36","27","51","16","9","23","6","3","0"
"Andrew Alvarez","WSH","SP","49.5","36","2","0","4.36","1.40","24","50","19","6","24","6","3","0"
"Ryan Fernandez","STL","RP","47.6","49","3","0","4.09","1.36","22","43","21","5","46","0","3","0"
"Colin Selby","BAL","RP","42.0","44","2","0","3.99","1.32","19","38","18","5","40","0","2","0"
"Joe Jimenez","ATL","RP","22.3","26","1","0","3.69","1.17","9","19","7","2","22","0","1","0"
"Connor Prielipp","MIN","SP","56.1","52","3","0","4.26","1.36","27","55","22","6","35","5","3","0"
"Yuki Matsui","SD","RP","50.1","51","2","0","4.17","1.34","23","44","23","7","50","0","2","0"
"Yariel Rodriguez","TOR","RP","39.8","38","2","0","4.11","1.34","18","35","19","5","38","0","2","0"
"Tim Hill","NYY","RP","64.6","38","4","0","4.07","1.35","29","68","19","6","65","0","3","0"
"Manuel Rodriguez","TB","RP","15.3","14","1","0","3.70","1.24","6","14","5","1","15","0","1","0"
"Michael Kelly","ATH","RP","58.7","50","3","3","4.60","1.41","30","58","25","8","57","0","3","0"
"Tyler Phillips","MIA","RP","67.5","49","3","2","4.40","1.38","33","70","23","8","59","0","3","0"
"Eric Orze","MIN","RP","58.5","59","3","0","4.17","1.36","27","54","26","7","56","0","3","0"
"Daniel Lynch","KC","RP","60.0","45","3","0","4.34","1.35","29","61","20","8","53","0","3","0"
"Blade Tidwell","SF","SP","34.8","30","2","0","4.48","1.38","17","34","14","5","17","3","2","0"
"Craig Kimbrel","NYM","RP","18.8","21","1","0","4.16","1.32","9","15","10","3","20","0","1","0"
"Hayden Harris","ATL","RP","40.8","46","2","0","3.94","1.30","18","35","18","5","41","0","2","0"
"Miguel Ullola","HOU","SP","16.4","18","2","0","4.04","1.35","7","14","9","2","15","0","2","0"
"Jonathan Loaisiga","ARI","RP","49.1","41","3","1","3.94","1.32","21","49","15","5","49","0","2","0"
"Tomoyuki Sugano","COL","SP","118.4","75","6","0","5.21","1.42","69","138","30","21","22","22","9","1"
"Cristian Mena","ARI","SP","19.8","18","1","0","4.18","1.34","9","19","8","2","12","2","1","0"
"Dylan Dodd","ATL","RP","44.3","38","2","0","4.17","1.28","21","45","12","6","40","0","2","0"
"Nate Pearson","HOU","RP","46.2","46","2","0","4.39","1.36","23","42","21","6","44","0","2","0"
"Keider Montero","DET","SP,RP","57.6","48","3","0","4.54","1.35","29","58","20","9","26","5","3","0"
"Tink Hence","STL","SP","13.3","13","1","0","4.18","1.37","6","12","6","2","5","2","1","0"
"Hayden Wesneski","HOU","SP","25.8","25","2","0","4.20","1.24","12","24","8","4","17","2","1","0"
"Zach Maxwell","CIN","RP","37.6","39","2","0","4.62","1.48","19","35","21","5","37","0","2","0"
"Charlie Morton","","SP","77.6","79","4","0","4.80","1.46","41","76","37","12","16","15","5","0"
"David Davalillo","TEX","SP","16.3","15","1","0","3.86","1.23","7","14","7","2","4","4","1","1"
"Shane Drohan","MIL","SP","36.5","37","2","0","4.09","1.32","17","33","16","5","24","3","2","0"
"Marcus Stroman","","SP","58.5","42","4","0","4.65","1.44","30","61","23","7","13","11","4","0"
"Taylor Clarke","ARI","RP","57.0","47","3","0","4.36","1.30","28","57","16","8","55","0","3","0"
"Sam Moll","CIN","RP","50.6","50","3","0","4.23","1.35","24","46","22","6","53","0","2","0"
"Gavin Stone","LAD","SP","27.6","23","2","0","4.31","1.31","13","27","9","4","12","3","1","0"
"Edgardo Henriquez","LAD","RP","37.9","41","2","0","4.28","1.38","18","34","18","5","38","0","2","0"
"Jason Alexander","HOU","SP","48.5","38","2","0","4.63","1.39","25","50","17","7","22","6","3","0"
"Bryan Hudson","NYM","RP","40.7","39","2","0","3.94","1.31","18","36","17","5","38","0","2","0"
"Ben Hess","NYY","SP","9.3","9","1","0","4.34","1.39","5","9","5","2","2","2","1","0"
"Justin Bruihl","STL","RP","49.9","45","3","0","4.06","1.35","22","48","19","5","50","0","3","0"
"Karson Milbrandt","MIA","SP","12.0","10","0","0","4.67","1.49","6","12","6","2","12","0","1","0"
"Andrew Chafin","MIN","RP","48.9","52","3","0","4.14","1.41","23","45","24","5","51","0","3","0"
"Brent Suter","LAA","RP","63.1","49","2","0","4.40","1.33","31","65","19","9","59","0","3","0"
"James McArthur","KC","RP","30.9","28","2","0","4.14","1.31","14","30","10","4","30","0","2","0"
"Jonathan Cannon","CWS","SP","92.9","69","4","0","4.91","1.40","51","97","33","15","31","13","6","0"
"Bowden Francis","TOR","SP","22.0","20","1","0","4.51","1.28","11","21","8","5","5","5","1","0"
"Gordon Graceffo","STL","RP","59.3","47","3","0","4.35","1.36","29","61","20","7","50","0","3","0"
"Lucas Braun","ATL","SP","7.8","7","1","0","4.05","1.22","4","7","3","1","2","2","0","0"
"Nick Raquet","STL","RP","30.0","24","2","0","4.30","1.38","14","30","11","4","29","0","2","0"
"Jose Fermin","LAA","RP","38.3","41","2","0","4.41","1.38","19","34","19","5","40","0","3","0"
"Luis Mey","CIN","RP","34.0","32","2","0","4.63","1.54","17","31","21","4","35","0","2","0"
"Carlos Vargas","SEA","RP","56.1","43","3","0","4.10","1.34","26","55","20","6","55","0","3","0"
"Zack Kelly","BOS","RP","55.7","54","3","0","4.32","1.39","27","52","26","7","53","0","3","0"
"Emiliano Teodo","TEX","RP","15.8","16","1","0","4.63","1.54","8","14","10","2","16","0","1","0"
"Tony Gonsolin","","SP","16.9","16","1","0","4.57","1.36","9","15","8","3","4","3","1","0"
"Liam Hendriks","MIN","RP","27.2","27","2","3","4.30","1.32","13","25","11","4","28","0","2","0"
"Alex Lange","KC","RP","47.5","50","3","0","4.05","1.41","21","42","26","5","48","0","3","0"
"Andrew Walters","CLE","RP","30.7","36","2","0","4.12","1.34","14","26","16","4","31","0","2","0"
"Jose Suarez","ATL","SP,RP","36.5","35","2","0","4.15","1.31","17","35","13","5","30","1","2","0"
"Steven Cruz","KC","RP","44.6","41","2","0","4.20","1.34","21","41","19","5","44","0","2","0"
"Matt Pushard","STL","RP","52.6","46","3","0","4.29","1.35","25","51","20","7","51","0","3","0"
"Jaden Hill","COL","RP","43.0","43","2","0","4.39","1.37","21","42","17","5","41","0","2","0"
"Ron Marinaccio","SD","RP","42.2","41","2","0","4.36","1.36","20","38","19","6","40","0","2","0"
"Evan Sisk","PIT","RP","48.4","47","2","0","3.92","1.38","21","46","21","4","49","0","2","0"
"JT Brubaker","SF","RP","56.2","47","3","0","4.35","1.36","27","56","21","7","48","0","3","0"
"Tyler Ferguson","ATH","RP","51.5","51","3","1","4.30","1.39","25","46","25","6","50","0","3","0"
"Garrett Hawkins","SD","RP","26.9","28","2","0","4.23","1.33","13","24","11","4","27","0","2","0"
"Keaton Winn","SF","RP","42.4","38","2","2","4.11","1.30","19","42","13","5","35","1","2","0"
"Luke Little","CHC","RP","21.9","25","1","0","3.67","1.38","9","17","13","2","23","0","1","0"
"Ryan Watson","BOS","RP","29.6","25","2","0","4.32","1.35","14","30","10","4","29","0","1","0"
"Kyle Hurt","LAD","RP","39.3","42","2","0","4.23","1.37","19","36","18","5","21","4","2","0"
"Jackson Rutledge","WSH","RP","59.6","51","3","2","4.71","1.40","31","60","24","9","54","0","3","0"
"Will Klein","LAD","RP","48.6","54","3","0","4.35","1.46","23","43","28","6","47","0","3","0"
"Yaramil Hiraldo","BAL","RP","35.7","38","2","0","4.15","1.27","16","32","13","5","35","0","2","0"
"Brennan Bernardino","COL","RP","55.9","50","3","0","4.51","1.46","28","57","25","6","58","0","3","0"
"Colton Gordon","HOU","SP","32.4","27","2","0","4.37","1.30","16","33","10","5","23","1","1","0"
"Luinder Avila","KC","RP","37.8","33","2","0","4.26","1.38","18","36","16","4","34","0","2","0"
"Chase Lee","TOR","RP","27.6","27","2","0","4.06","1.25","12","26","9","4","26","0","2","0"
"DJ Herz","WSH","SP","24.9","27","1","0","4.14","1.35","11","21","12","3","15","2","1","0"
"Bailey Falter","KC","SP","68.4","50","3","0","4.66","1.35","35","69","23","10","40","5","4","0"
"Brandyn Garcia","ARI","RP","48.2","43","3","0","4.21","1.43","23","47","22","5","45","0","3","0"
"Ryan Gusto","MIA","SP,RP","51.5","44","3","0","4.56","1.36","26","52","18","7","32","4","3","0"
"Rico Garcia","BAL","RP","53.1","55","2","0","4.44","1.37","26","49","23","8","51","0","2","0"
"Easton McGee","MIL","RP","32.4","28","2","0","4.07","1.29","15","31","10","4","30","0","1","0"
"Travis Adams","MIN","RP","62.0","49","3","0","4.61","1.39","32","64","22","8","44","2","4","0"
"Anthony Nunez","BAL","RP","23.6","26","2","0","3.98","1.29","10","20","10","3","24","0","1","0"
"Nick Sandlin","LAA","RP","42.0","44","2","0","4.38","1.33","20","37","19","6","43","0","2","0"
"Jose Corniell","TEX","SP","18.6","17","1","0","3.68","1.18","8","16","6","2","15","0","1","0"
"Tristan Beck","SF","RP","28.5","25","1","0","4.09","1.28","13","27","9","3","23","0","1","0"
"Richard Lovelady","NYM","RP","26.8","24","1","0","4.04","1.30","12","25","9","3","26","0","1","0"
"Ethan Roberts","CHC","RP","38.9","38","2","0","4.29","1.33","19","36","16","5","37","0","2","0"
"Chris Murphy","CWS","RP","40.6","37","2","0","4.24","1.39","19","37","19","5","34","0","2","0"
"Joey Lucchesi","SF","RP","29.0","22","1","0","4.26","1.38","14","29","11","4","25","0","1","0"
"Connor Brogdon","CLE","RP","51.0","51","3","0","4.51","1.36","26","48","21","8","49","0","3","0"
"Ronel Blanco","HOU","SP","20.6","21","1","0","4.27","1.30","10","18","8","3","10","2","1","0"
"Justin Hagenman","NYM","RP","21.3","19","1","0","4.23","1.23","10","21","6","3","17","0","1","0"
"Dylan Smith","DET","SP","22.9","21","1","0","4.13","1.35","10","21","10","3","21","0","1","0"
"Tommy Kahnle","","RP","49.5","44","2","1","4.35","1.40","24","46","23","6","51","0","3","0"
"Yosver Zulueta","SEA","RP","30.0","32","1","0","3.84","1.34","13","26","15","3","29","0","1","0"
"Luke Jackson","","RP","43.7","40","2","1","4.32","1.40","21","41","21","5","43","0","3","0"
"Griff McGarry","WSH","SP","48.1","53","2","0","4.28","1.45","23","40","29","5","44","0","2","0"
"Andrew Hoffmann","ARI","RP","44.8","40","2","0","4.26","1.39","21","45","18","5","41","0","2","0"
"Philip Abner","ARI","RP","27.7","26","1","0","4.19","1.36","13","27","11","3","28","0","1","0"
"Andrew Morris","MIN","SP","18.5","15","1","0","4.18","1.31","9","19","5","2","16","1","1","0"
"Steven Wilson","TB","RP","44.7","44","2","0","4.68","1.35","23","40","20","7","45","0","2","0"
"Reiver Sanmartin","SF","RP","25.9","19","1","0","4.12","1.38","12","27","9","3","25","0","1","0"
"Grant Wolfram","BAL","RP","42.1","40","2","0","4.17","1.39","20","40","18","5","40","0","2","0"
"Ryan Johnson","LAA","RP","25.5","25","1","0","4.28","1.34","12","26","8","4","21","1","1","0"
"Ryan Feltner","COL","SP","102.8","83","4","0","5.16","1.50","59","110","43","15","28","17","7","0"
"Trent Thornton","CHC","RP","24.8","21","1","0","4.31","1.29","12","24","8","4","24","0","1","0"
"Carlos Rodriguez","MIL","SP","32.5","30","1","0","4.36","1.32","16","30","13","5","24","2","2","0"
"Josh Simpson","SEA","RP","24.2","25","1","0","4.17","1.39","11","21","12","3","25","0","1","0"
"Kyle Hart","SD","SP,RP","36.7","32","2","0","4.39","1.34","18","36","14","5","30","1","2","0"
"Drew Thorpe","CWS","SP","43.8","33","2","0","4.74","1.37","23","44","16","7","9","8","3","0"
"Yerry De los Santos","NYY","RP","38.5","31","2","0","4.13","1.36","18","38","15","4","36","0","2","0"
"Michael Tonkin","","RP","34.5","32","2","0","4.51","1.32","17","33","12","5","32","0","2","0"
"Michael Fulmer","SF","RP","14.5","15","1","0","4.14","1.31","7","13","6","2","14","0","1","0"
"Kyle Backhus","PHI","RP","46.0","44","2","0","4.31","1.36","22","44","19","6","48","0","3","0"
"Kyle Nicolas","CIN","RP","41.4","42","2","0","4.31","1.41","20","38","21","5","39","0","2","0"
"Tim Mayza","PHI","RP","27.0","22","2","0","4.12","1.36","12","27","9","3","28","0","1","0"
"Brendan Beck","NYY","SP","13.9","12","1","0","4.41","1.26","7","14","4","2","14","0","1","0"
"Kendry Rojas","MIN","SP","35.0","31","2","0","4.31","1.40","17","35","14","4","27","2","2","0"
"George Soriano","STL","RP","43.9","41","2","0","4.43","1.37","22","42","18","6","39","0","2","0"
"Roddery Munoz","HOU","RP","50.8","51","2","0","4.66","1.40","26","47","24","8","44","0","3","0"
"Dylan Ross","NYM","RP","31.6","34","1","0","3.99","1.36","14","27","16","4","32","0","1","0"
"Peyton Pallette","CLE","RP","45.2","44","2","0","4.48","1.37","22","42","20","6","43","0","2","0"
"Martin Perez","ATL","SP","40.3","31","2","0","4.68","1.42","21","42","15","5","7","7","2","0"
"Danny Young","ATL","RP","16.1","17","1","0","3.84","1.34","7","14","7","2","17","0","1","0"
"Chad Green","","RP","43.3","38","2","0","4.61","1.32","22","43","14","7","43","0","2","0"
"Zach McCambley","PHI","RP","43.2","43","2","0","4.42","1.38","21","41","19","6","43","0","2","0"
"Paxton Schultz","WSH","RP","42.2","39","2","0","4.42","1.36","21","41","17","6","37","0","2","0"
"Hunter Stratton","ATL","RP","19.9","18","1","0","4.18","1.32","9","19","7","2","19","0","1","0"
"Jesse Scholtens","TB","SP","33.1","29","1","0","4.43","1.32","16","33","11","5","28","0","2","0"
"Carson Seymour","SF","RP","25.5","22","1","0","4.20","1.37","12","25","10","3","18","1","1","0"
"Robinson Ortiz","SEA","RP","31.1","30","2","0","4.18","1.41","14","28","16","3","31","0","2","0"
"Daysbel Hernandez","ATL","RP","33.0","35","2","0","4.36","1.44","16","29","19","4","33","0","2","0"
"Kervin Castro","NYY","RP","29.2","28","2","0","4.27","1.36","14","27","13","3","29","0","2","0"
"Evan Reifert","TB","RP","11.3","13","1","0","4.08","1.38","5","10","6","1","11","0","1","0"
"Jorge Lopez","","RP","30.8","26","2","0","4.46","1.35","15","31","11","4","31","0","2","0"
"Peyton Gray","TEX","RP","27.0","26","2","0","4.18","1.31","13","26","10","4","26","0","2","0"
"Troy Taylor","SEA","RP","26.1","24","1","0","4.41","1.41","13","24","12","3","27","0","1","0"
"Brandon Young","BAL","SP","25.7","23","1","0","4.41","1.32","13","26","8","4","19","2","2","0"
"Bryan Hoeing","SD","RP","14.7","12","1","0","4.17","1.33","7","14","5","2","12","0","1","0"
"Eduarniel Nunez","ATH","RP","43.0","44","2","0","4.43","1.48","21","39","25","5","41","0","2","0"
"Jhony Brito","SD","RP","20.1","16","1","0","4.23","1.32","9","20","7","2","18","0","1","0"
"Daison Acosta","SD","RP","22.4","25","1","0","4.08","1.37","10","18","12","2","22","0","1","0"
"Beau Brieske","DET","RP","45.3","39","2","0","4.57","1.39","23","43","20","6","43","0","2","0"
"Sean Guenther","DET","RP","15.8","12","1","0","3.84","1.29","7","15","5","2","15","0","1","0"
"Tyler Gilbert","CWS","SP,RP","35.7","32","2","0","4.45","1.36","18","34","14","5","34","0","2","0"
"Franco Aleman","CLE","RP","19.9","22","1","0","4.21","1.39","9","18","10","2","20","0","1","0"
"Brandon Walter","HOU","SP","6.4","6","0","0","3.91","1.12","3","6","1","1","1","1","0","0"
"John King","MIA","RP","48.2","31","2","0","4.15","1.40","22","53","14","5","47","0","2","0"
"J.P. France","HOU","SP","22.0","19","1","0","4.76","1.43","12","21","10","3","14","2","1","0"
"Sammy Peralta","MIL","SP,RP","15.7","14","1","0","4.33","1.33","8","15","5","2","13","0","1","0"
"John Klein","MIN","SP,RP","42.8","36","2","0","4.60","1.37","22","43","16","6","33","2","3","0"
"Albert Suarez","BAL","RP","24.5","20","1","0","4.62","1.37","13","25","8","4","20","0","1","0"
"Lazaro Estrada","TOR","SP,RP","21.2","19","1","0","4.46","1.29","10","21","7","3","19","0","1","0"
"Jedixson Paez","CWS","SP","34.3","26","2","0","4.45","1.33","17","35","10","5","33","0","2","0"
"Riley Martin","CHC","RP","18.1","19","1","0","4.02","1.43","8","16","10","2","18","0","1","0"
"Brandon Williamson","CIN","SP","70.8","59","3","0","4.85","1.39","38","71","27","12","29","8","4","0"
"Max Lazar","PHI","RP","38.3","31","2","0","4.44","1.33","19","39","12","5","37","0","2","0"
"Carter Baumler","TEX","RP","47.1","40","2","0","4.61","1.41","24","45","21","6","45","0","3","0"
"Ryan Borucki","CWS","RP","18.1","17","1","0","4.04","1.32","8","16","8","2","19","0","1","0"
"Zach Pop","PHI","RP","26.6","21","1","0","4.54","1.40","13","27","10","4","27","0","1","0"
"Jose Castillo","","RP","20.5","21","2","0","3.73","1.29","9","19","8","2","19","0","1","0"
"Jhancarlos Lara","ATL","SP,RP","13.2","15","1","0","4.32","1.48","6","12","8","1","13","0","1","0"
"RJ Petit","COL","RP","22.9","20","1","0","4.49","1.42","11","23","9","3","24","0","2","0"
"Brycen Mautz","STL","SP","17.3","15","1","0","4.28","1.32","8","17","6","2","15","1","1","0"
"Ty Adcock","SD","RP","26.1","24","1","0","4.47","1.34","13","25","10","4","25","0","1","0"
"Angel Bastardo","TOR","RP","20.5","19","1","0","4.32","1.38","10","19","9","3","17","1","1","0"
"Domingo Gonzalez","SEA","RP","18.3","17","1","0","4.31","1.36","9","17","8","2","18","0","1","0"
"Bailey Horn","DET","RP","32.1","30","2","0","4.37","1.43","16","31","15","4","31","0","2","0"
"Pedro Avila","CLE","RP","36.8","32","2","0","4.37","1.39","18","36","15","4","27","2","2","0"
"Trevor Stephan","CLE","RP","15.1","14","1","0","4.30","1.32","7","14","6","2","15","0","1","0"
"James Karinchak","ATL","RP","22.3","25","1","0","4.47","1.40","11","19","12","3","22","0","1","0"
"Michel Otanez","TEX","RP","18.5","23","1","0","4.26","1.45","9","15","12","2","19","0","1","0"
"Angel Perdomo","LAA","RP","11.4","13","1","0","4.43","1.38","6","9","6","1","11","0","1","0"
"Brandan Bidois","PIT","RP","41.5","39","2","0","4.51","1.44","21","39","20","5","40","0","3","0"
"Grant Holman","ARI","RP","19.2","17","1","0","4.28","1.39","9","19","8","2","20","0","1","0"
"Luis Curvelo","TEX","RP","29.6","27","2","0","4.48","1.36","15","28","13","4","28","0","1","0"
"Shane Murphy","CWS","SP","18.9","13","1","0","4.64","1.31","10","20","5","3","19","0","1","0"
"Chase Shugart","PHI","RP","37.7","31","2","0","4.60","1.38","19","37","15","5","35","0","2","0"
"Scott Alexander","","RP","30.9","22","2","0","4.26","1.41","15","33","11","3","32","0","2","0"
"Tanner Gordon","COL","SP","56.7","41","3","0","5.34","1.42","34","66","14","11","24","7","4","0"
"Osvaldo Bido","NYY","SP,RP","20.8","19","1","0","4.66","1.39","11","20","9","3","15","0","1","0"
"Alex Carrillo","NYM","RP","22.2","25","1","0","4.34","1.38","11","19","11","3","20","0","2","0"
"Paul Gervase","LAD","RP","27.1","29","2","0","4.55","1.38","14","24","13","4","26","0","2","0"
"Wikelman Gonzalez","CWS","RP","45.9","45","2","0","4.71","1.51","24","42","27","6","41","0","3","0"
"David Sandlin","CWS","SP,RP","15.2","13","1","0","4.46","1.33","8","15","5","2","15","0","1","0"
"Kohl Drake","ARI","SP","19.6","17","1","0","4.46","1.38","10","20","7","3","5","4","1","0"
"Keegan Thompson","COL","SP,RP","46.3","45","2","0","4.77","1.44","25","46","20","7","41","0","3","0"
"Joey Gerber","NYM","SP,RP","16.3","16","1","0","4.54","1.32","8","15","6","2","14","0","1","0"
"Zach Agnos","COL","RP","58.0","46","3","3","5.05","1.47","33","61","24","9","57","0","4","0"
"Mitch Spence","KC","SP,RP","26.1","21","1","0","4.55","1.36","13","28","8","4","21","1","2","0"
"AJ Smith-Shawver","ATL","SP","9.9","10","0","0","4.08","1.30","4","9","4","1","7","1","0","0"
"Juan Morillo","ARI","RP","32.4","30","2","0","4.30","1.48","15","31","17","3","34","0","2","0"
"Chris Roycroft","STL","RP","40.4","32","2","0","4.39","1.46","20","41","18","4","38","0","2","0"
"Tyler Samaniego","BOS","RP","30.0","25","2","0","4.39","1.43","15","30","12","4","29","0","2","0"
"Mason Barnett","ATH","SP","28.3","24","1","0","4.81","1.43","15","28","12","4","17","3","1","0"
"Derek Law","ARI","RP","21.2","18","1","0","4.26","1.36","10","21","8","2","21","0","1","0"
"Cameron Foster","BAL","RP","26.7","23","2","0","4.56","1.39","14","27","11","4","26","0","2","0"
"Colin Poche","","RP","18.3","17","1","0","4.72","1.41","10","17","9","3","20","0","1","0"
"Cody Laweryson","MIN","RP","22.3","19","1","0","4.26","1.34","11","22","8","2","20","0","1","0"
"Alek Jacob","SD","RP","33.8","30","1","0","4.81","1.42","18","33","15","5","31","0","2","0"
"Ryan Lambert","NYM","RP","30.2","34","1","0","4.09","1.34","14","25","15","4","30","0","2","0"
"Josh Walker","BAL","RP","28.6","31","2","0","4.88","1.47","16","27","16","5","26","0","2","0"
"Cade Winquest","NYY","SP","31.0","24","1","0","4.80","1.41","17","31","12","4","29","0","2","0"
"Nick Burdi","NYM","RP","13.1","16","1","0","3.65","1.31","5","10","7","1","13","0","0","0"
"Kolby Allard","CLE","RP","19.9","15","1","0","4.56","1.37","10","21","6","3","18","0","1","0"
"Joe Rock","TB","SP,RP","19.1","15","1","0","4.41","1.36","9","20","6","3","11","2","1","0"
"Tyson Neighbors","BAL","RP","17.3","17","1","0","4.23","1.33","8","15","8","2","17","0","1","0"
"Spencer Miles","TOR","SP,RP","14.6","14","1","0","4.15","1.35","7","14","6","2","14","0","1","0"
"Alan Rangel","PHI","SP","22.9","19","1","0","4.79","1.34","12","23","8","4","13","2","1","0"
"Tate Kuehner","MIL","SP","11.4","10","1","0","4.35","1.41","5","10","6","1","11","0","1","0"
"Taylor Rashi","ARI","RP","20.4","20","1","0","4.45","1.49","10","19","11","2","12","0","1","0"
"Mason Black","KC","SP","52.3","43","3","0","4.91","1.45","29","53","22","8","32","3","3","0"
"Konnor Pilkington","DET","RP","18.2","19","1","0","4.38","1.46","9","16","11","2","19","0","1","0"
"Drew Smith","WSH","RP","27.2","27","1","0","4.48","1.34","14","25","12","4","28","0","1","0"
"Duncan Davitt","CWS","SP","19.1","15","1","0","4.63","1.35","10","20","6","3","17","0","1","0"
"Jonathan Pintaro","NYM","SP,RP","25.2","24","1","0","4.09","1.36","11","23","11","3","21","2","1","0"
"Ryan Harbin","PIT","RP","25.6","24","1","0","4.59","1.55","13","24","15","3","25","0","1","0"
"Kaleb Ort","LAA","RP","24.6","25","1","0","4.71","1.40","13","22","12","4","24","0","1","0"
"Kevin Herget","NYM","RP","9.4","8","1","0","4.14","1.22","4","9","3","1","6","0","0","0"
"Ryan Burr","","RP","11.0","16","1","0","3.68","1.23","5","9","5","1","12","0","1","0"
"Rafael Montero","NYY","RP","30.4","29","1","0","4.48","1.40","15","28","15","4","31","0","2","0"
"Carlos Hernandez","CLE","RP","18.2","18","1","0","4.27","1.36","9","17","8","2","18","0","1","0"
"Miguel Castro","LAA","RP","12.2","10","1","0","4.65","1.38","6","11","6","2","13","0","0","0"
"Codi Heuer","CLE","RP","18.0","20","1","0","3.99","1.30","8","16","8","3","12","0","1","0"
"Jose Espada","BAL","RP","17.1","19","1","0","4.47","1.36","8","15","8","2","15","0","1","0"
"Michael Grove","","RP","16.4","18","1","0","3.85","1.22","7","15","5","2","12","1","1","0"
"Tyler Uberstine","BOS","SP","9.8","9","0","0","4.62","1.33","5","10","3","1","4","2","1","0"
"Christian MacLeod","MIN","SP,RP","5.4","4","1","0","4.63","1.59","3","6","2","1","4","1","1","0"
"Austin Peterson","CLE","SP","29.1","21","1","0","4.64","1.31","15","30","8","5","15","3","2","0"
"John Rooney","TB","RP","17.5","21","1","0","3.85","1.37","8","14","11","2","13","0","1","0"
"Ty Madden","DET","SP","21.2","19","1","0","4.59","1.38","11","21","9","3","13","2","1","0"
"Josh Winckowski","TOR","RP","18.1","16","1","0","3.73","1.27","8","18","6","2","12","1","1","0"
"Francis Pena","SD","RP","8.8","7","1","0","4.44","1.46","4","9","4","1","9","0","1","0"
"Michael Petersen","MIA","RP","27.9","27","1","0","4.47","1.36","14","27","11","4","27","0","1","0"
"Sauryn Lao","","RP","7.2","6","0","0","3.94","1.29","3","7","3","1","5","0","0","0"
"Tayler Saucedo","LAA","RP","24.5","22","1","0","4.32","1.43","12","24","11","3","25","0","1","0"
"Ronan Kopp","LAD","RP","16.4","18","1","0","4.30","1.47","8","14","10","2","16","0","1","0"
"A.J. Causey","ATH","","12.1","10","1","0","4.41","1.38","6","12","5","2","12","0","1","0"
"Angel Chivilli","NYY","RP","28.6","26","1","0","4.55","1.37","14","28","11","4","27","0","1","0"
"Shawn Dubin","ARI","RP","16.6","16","1","0","4.18","1.39","8","16","7","1","14","0","1","0"
"Drew Sommers","DET","RP","20.5","18","1","0","3.96","1.36","9","20","8","2","21","0","1","0"
"Roansy Contreras","","SP,RP","32.9","24","2","0","4.92","1.46","18","35","14","6","22","1","2","0"
"Henry Baez","ATH","SP","13.2","10","1","0","4.33","1.40","6","13","5","1","11","0","0","0"
"Jose Franco","CIN","SP","15.7","15","1","0","4.84","1.41","8","15","7","2","15","0","1","0"
"Lou Trivino","PHI","RP","20.9","18","1","0","4.59","1.40","11","21","9","3","21","0","1","0"
"Jake Bennett","BOS","SP","21.3","16","1","0","4.53","1.38","11","22","7","3","19","0","1","0"
"Zak Kent","MIN","RP","25.6","25","1","0","4.25","1.40","12","24","12","3","23","0","1","0"
"Jorge Alcala","TOR","RP","23.4","24","1","0","4.80","1.35","12","22","10","4","22","0","1","0"
"Adam Macko","TOR","SP,RP","14.8","13","1","0","4.52","1.39","7","14","6","2","12","1","1","0"
"Dugan Darnell","DET","RP","9.2","10","1","0","4.42","1.42","5","8","5","1","8","0","1","0"
"Jackson Wolf","SD","SP","7.1","6","0","0","4.31","1.33","3","7","3","1","5","0","0","0"
"Collin Snider","CHC","RP","11.9","10","1","0","4.54","1.36","6","12","4","2","12","0","1","0"
"Marc Church","TEX","RP","25.3","23","1","0","4.99","1.60","14","24","16","3","24","0","2","0"
"Chen Zhong-Ao Zhuang","ATH","","7.8","6","0","0","4.63","1.25","4","8","2","1","8","0","0","0"
"Jackson Jobe","DET","SP","7.7","6","0","0","4.57","1.41","4","7","4","1","3","1","0","0"
"Wilber Dotel","PIT","SP","13.4","11","1","0","4.66","1.40","7","13","5","2","12","0","1","0"
"Dax Fulton","MIA","SP","21.4","18","1","0","4.45","1.47","11","21","10","2","17","1","1","0"
"Jayden Murray","HOU","RP","31.0","26","1","0","4.51","1.39","16","30","13","4","30","0","1","0"
"Packy Naughton","STL","RP","14.0","13","1","0","4.27","1.37","7","14","5","2","14","0","1","0"
"Bryce Montes de Oca","WSH","RP","6.0","7","0","0","4.27","1.45","3","5","3","1","6","0","0","0"
"Garrett Acton","MIA","RP","19.8","19","1","0","4.55","1.36","10","18","9","3","20","0","1","0"
"Eli Morgan","KC","RP","28.2","24","1","0","4.66","1.36","15","28","10","4","26","0","1","0"
"K.C. Hunt","MIL","","6.2","5","0","0","4.30","1.31","3","6","2","1","6","0","0","0"
"Daniel Robert","PHI","RP","8.0","9","0","0","4.25","1.30","4","7","3","1","9","0","0","0"
"Winston Santos","TEX","SP","16.6","20","1","0","4.33","1.38","8","15","8","3","4","4","1","0"
"Nolan Hoffman","PHI","RP","15.7","15","1","0","4.46","1.43","8","15","8","2","16","0","1","0"
"Welinton Herrera","COL","RP","24.8","24","1","0","4.43","1.43","12","25","11","3","25","0","2","0"
"Joe Ross","ARI","RP","15.0","12","1","0","4.55","1.40","8","15","6","2","13","1","1","0"
"Tyler Mattison","DET","RP","13.0","12","1","0","4.74","1.56","7","12","8","2","13","0","1","0"
"Yilber Diaz","ARI","SP,RP","23.6","23","1","1","4.67","1.50","12","22","13","3","21","0","1","0"
"Tom Cosgrove","HOU","RP","13.9","13","1","0","4.69","1.42","7","13","7","2","14","0","1","0"
"Prelander Berroa","CWS","RP","29.3","30","1","0","4.59","1.50","15","27","17","4","28","0","2","0"
"Sam Benschoter","CIN","SP,RP","14.6","11","1","0","4.70","1.41","8","15","5","2","13","0","1","0"
"Jhonathan Diaz","SEA","SP","8.2","6","0","0","4.33","1.35","4","9","2","1","5","1","0","0"
"Joey Estes","ATH","SP","31.1","23","1","0","4.89","1.30","17","32","8","6","25","1","2","0"
"Easton Lucas","","SP","21.4","20","1","0","4.20","1.40","10","20","10","3","12","1","1","0"
"Corbin Martin","CHC","RP","9.8","9","1","0","4.60","1.45","5","9","5","1","10","0","1","0"
"Kyle Wright","CHC","SP","36.4","32","2","0","4.63","1.41","19","36","15","5","15","3","3","0"
"Cole Wilcox","SEA","RP","22.1","18","1","0","4.36","1.36","11","22","8","3","21","0","1","0"
"Tucker Davidson","PHI","SP","7.3","6","0","0","4.45","1.38","4","7","3","1","7","0","0","0"
"Joe La Sorsa","PIT","RP","13.4","9","1","0","4.28","1.41","6","13","6","1","11","0","1","0"
"Christian Roa","HOU","RP","20.0","19","1","0","4.49","1.42","10","18","10","3","19","0","1","0"
"Eric Cerantola","KC","RP","14.4","15","1","0","4.47","1.47","7","13","8","2","14","0","1","0"
"Lyon Richardson","CIN","RP","24.1","21","1","0","4.64","1.48","12","23","12","3","22","0","1","0"
"Dale Stanavich","MIA","RP","8.1","7","0","0","4.54","1.54","4","8","5","1","8","0","1","0"
"Robert Stock","NYM","SP","19.0","21","1","0","4.27","1.45","9","17","11","3","13","1","1","0"
"Dom Hamel","NYY","SP,RP","14.1","13","0","0","4.61","1.39","7","14","6","2","14","0","1","0"
"Andrew Sears","DET","SP","6.0","5","0","0","4.36","1.37","3","6","2","1","6","0","0","0"
"Cionel Perez","WSH","RP","55.0","46","2","1","4.35","1.49","27","54","28","5","55","0","2","0"
"Chris Devenski","PIT","RP","19.1","16","1","0","4.50","1.34","10","19","6","3","18","0","1","0"
"Randy Dobnak","SEA","SP,RP","11.8","9","1","0","4.48","1.42","6","12","5","1","9","0","1","0"
"Thomas Harrington","PIT","SP","22.7","17","1","0","4.74","1.38","12","24","8","3","10","4","2","0"
"Orlando Ribalta","WSH","RP","41.8","39","2","0","4.82","1.48","22","41","21","6","41","0","2","0"
"Gavin Hollowell","CHC","RP","23.5","24","1","0","4.47","1.40","12","21","12","3","23","0","1","0"
"Ryder Ryan","LAD","RP","9.3","7","0","0","4.71","1.44","5","10","4","1","9","0","1","0"
"Juan Burgos","ARI","RP","26.0","22","1","0","4.46","1.43","13","26","11","3","26","0","1","0"
"Scott Effross","DET","RP","15.8","11","1","0","4.43","1.41","8","17","5","1","16","0","1","0"
"Seth Martinez","BOS","RP","16.4","14","1","0","4.56","1.38","8","16","6","2","16","0","1","0"
"Alex Hoppe","SEA","RP","18.1","17","1","0","4.28","1.46","9","17","9","2","18","0","1","0"
"Guillo Zuniga","SEA","RP","7.3","6","0","0","4.47","1.39","4","7","3","1","7","0","0","0"
"Sam Bachman","LAA","RP","44.5","37","2","0","4.46","1.46","22","44","21","5","43","0","3","0"
"Jake Bloss","TOR","SP","11.0","9","0","0","4.57","1.39","6","11","4","2","9","0","0","0"
"Austin Love","STL","RP","23.0","20","1","0","4.64","1.44","12","23","10","3","23","0","1","0"
"Nabil Crismatt","TEX","SP","21.5","17","1","0","5.24","1.47","13","24","8","5","11","1","1","0"
"Kyle Keller","BOS","RP","27.1","27","1","0","5.01","1.46","15","26","13","4","27","0","1","0"
"Julian Aguiar","CIN","SP","31.3","23","1","0","4.83","1.35","17","32","10","5","23","2","2","0"
"Carson Fulmer","PIT","RP","18.8","16","1","0","4.32","1.47","9","19","9","2","10","1","1","0"
"Dylan Coleman","NYY","RP","10.2","10","1","0","4.97","1.68","6","9","8","1","11","0","1","0"
"Landon Knack","LAD","SP","20.9","19","1","0","4.99","1.39","12","21","9","4","12","2","1","0"
"Josh Fleming","TOR","RP","18.6","10","1","0","4.62","1.44","10","20","7","2","11","0","1","0"
"Scott Blewett","STL","RP","22.7","17","1","0","4.82","1.44","12","24","9","3","20","0","1","0"
"Alex Faedo","","RP","14.3","15","1","0","4.10","1.30","7","13","6","2","8","1","1","0"
"Blake Walston","ARI","SP","10.0","9","1","0","4.96","1.49","6","10","5","1","5","1","1","0"
"Ixan Henderson","STL","SP","14.0","12","1","0","3.85","1.35","6","12","7","1","12","1","1","0"
"Jake Eder","WSH","SP","17.7","14","1","0","4.78","1.43","9","18","7","3","15","0","1","0"
"Marco Raya","MIN","SP,RP","21.9","19","1","0","4.68","1.48","11","22","11","3","22","0","1","0"
"Scott McGough","","RP","25.9","23","1","0","4.84","1.42","14","26","11","4","25","0","1","0"
"Jose Urena","","SP,RP","39.2","26","2","0","4.94","1.53","22","43","18","7","12","5","2","0"
"Jeff Criswell","COL","RP","13.1","13","1","0","4.86","1.46","7","13","6","2","12","0","1","0"
"Tayler Scott","ATL","RP","16.4","16","1","0","4.70","1.50","9","16","9","2","16","0","1","0"
"Josh Staumont","CIN","RP","11.2","11","1","0","4.74","1.46","6","10","6","1","11","0","1","0"
"Jayvien Sandridge","LAA","RP","22.2","25","1","0","4.64","1.53","11","20","14","3","23","0","1","0"
"Ryan Loutos","SEA","RP","20.7","18","1","0","4.51","1.42","10","20","9","3","21","0","1","0"
"Tyson Miller","CWS","RP","14.9","12","1","0","4.97","1.48","8","15","7","2","15","0","1","0"
"Nick Anderson","ATH","RP","32.7","30","1","0","4.64","1.41","17","33","13","5","32","0","2","0"
"Genesis Cabrera","PHI","RP","20.4","19","1","0","4.68","1.40","11","20","9","3","20","0","1","0"
"Jack Neely","CHC","RP","18.1","19","1","0","4.60","1.46","9","16","10","2","18","0","1","0"
"Josh Ekness","MIA","RP","16.8","15","1","0","4.49","1.43","8","16","8","2","16","0","1","0"
"Bryce Jarvis","ARI","RP","27.5","21","1","0","5.40","1.64","17","30","16","5","18","1","2","0"
"Doug Nikhazy","CLE","SP","29.2","26","1","0","4.74","1.47","15","29","14","4","20","2","2","0"
"Tanner Houck","BOS","SP","17.2","14","1","0","4.43","1.35","8","17","6","2","7","2","1","0"
"Caleb Boushley","","RP","24.9","19","1","0","4.52","1.41","13","27","9","4","15","1","2","0"
"Mitch Farris","LAA","SP","25.1","23","1","0","4.91","1.48","14","25","12","4","5","5","2","0"
"Logan Gillaspie","SD","SP,RP","20.8","16","1","0","4.65","1.39","11","22","7","3","19","0","1","0"
"Blas Castano","SEA","SP","12.0","9","0","0","4.53","1.38","6","12","4","2","10","0","1","0"
"Ben Lively","CLE","SP","7.5","6","0","0","4.82","1.34","4","8","3","2","2","2","1","0"
"Enoli Paredes","BAL","RP","9.6","11","1","0","3.75","1.35","4","8","6","1","8","0","1","0"
"T.J. McFarland","","RP","24.3","16","1","0","4.43","1.42","12","26","8","3","26","0","1","0"
"Logan VanWey","HOU","RP","10.1","10","1","0","5.19","1.67","6","9","7","1","9","0","0","0"
"Tanner Rainey","DET","RP","12.3","12","0","0","4.50","1.42","6","11","7","2","12","0","0","0"
"Shinnosuke Ogasawara","WSH","RP","20.7","14","1","0","4.47","1.37","10","22","7","2","14","0","1","0"
"Sam Aldegheri","LAA","SP","35.2","26","2","0","5.35","1.53","21","37","17","6","8","5","3","0"
"Dillon Tate","","RP","14.5","13","1","0","4.03","1.34","7","13","7","1","13","0","1","0"
"William Kempner","MIA","RP","22.5","22","1","0","4.70","1.48","12","21","12","3","22","0","2","0"
"Bryan Sammons","DET","SP","18.6","17","1","0","4.60","1.42","10","18","9","4","4","1","1","0"
"Jaden Woods","PIT","","17.1","14","1","0","4.77","1.50","9","17","8","2","17","0","1","0"
"Rolddy Munoz","ATL","RP","17.1","16","1","0","4.46","1.49","8","17","9","2","16","0","1","0"
"Michael Darrell-Hicks","PIT","RP","10.0","8","0","0","4.79","1.46","5","10","4","1","9","0","0","0"
"Walbert Urena","LAA","SP","17.4","13","1","0","4.96","1.57","10","18","9","2","15","0","1","0"
"Pete Hansen","STL","SP","8.7","6","0","0","4.78","1.44","5","10","3","1","2","2","1","0"
"Jackson Kowar","BAL","RP","23.1","21","1","0","4.80","1.46","12","23","11","3","22","0","1","0"
"Cam Booser","TB","RP","18.4","21","1","0","4.51","1.42","9","17","9","3","19","0","1","0"
"Carson Spiers","CIN","SP","6.6","5","0","0","5.07","1.51","4","7","3","1","2","1","0","0"
"Vinny Nittoli","BOS","RP","16.9","17","1","0","5.10","1.43","10","17","7","3","13","0","1","0"
"Triston McKenzie","SD","SP,RP","8.9","8","1","0","4.91","1.47","5","9","5","2","8","0","1","0"
"Cam Sanders","PIT","RP","29.8","29","1","0","4.68","1.53","15","28","18","4","29","0","2","0"
"John Brebbia","COL","RP","41.7","41","2","0","5.00","1.42","23","44","15","7","42","0","2","0"
"Hunter Strickland","LAA","RP","25.8","20","1","0","4.93","1.44","14","26","12","4","25","0","2","0"
"Matt Waldron","SD","SP","15.2","12","1","0","5.01","1.38","8","16","5","2","4","3","1","0"
"Robinson Pina","","SP","10.5","9","1","0","4.27","1.28","5","11","3","2","8","1","1","0"
"Matt Bowman","MIN","RP","16.5","13","1","0","4.75","1.38","9","17","6","2","14","0","1","0"
"Marco Gonzales","SD","SP","8.2","6","0","0","4.97","1.44","5","9","3","1","2","2","1","0"
"Ryan Rolison","CHC","RP","32.2","24","1","0","4.58","1.41","16","33","12","4","30","0","2","0"
"Dan Altavilla","MIN","RP","24.5","20","1","0","4.69","1.48","13","24","12","3","25","0","1","0"
"Bryse Wilson","PHI","SP,RP","27.8","19","1","0","5.00","1.40","15","30","9","5","11","3","2","0"
"Mike Clevinger","PIT","RP","30.5","24","1","0","4.79","1.41","16","32","11","4","25","2","2","0"
"Ben Kudrna","KC","SP","14.6","11","1","0","4.99","1.52","8","16","7","2","8","2","1","0"
"Chayce McDermott","BAL","SP,RP","18.0","18","1","0","4.65","1.48","9","17","10","2","15","1","1","0"
"Anthony Misiewicz","CIN","RP","10.1","9","1","0","4.91","1.34","6","10","4","2","10","0","1","0"
"Joel Hurtado","LAA","SP","7.8","5","0","0","5.30","1.53","5","9","3","1","7","0","1","0"
"Seth Johnson","PHI","RP","19.9","18","1","0","4.76","1.48","11","20","10","3","18","0","1","0"
"Brian Van Belle","TB","SP,RP","11.6","9","1","0","4.26","1.33","6","13","3","2","5","1","1","0"
"John Curtiss","ARI","RP","19.6","15","1","0","5.05","1.40","11","21","7","4","18","0","1","0"
"Zack Thompson","STL","SP","15.6","15","1","0","4.61","1.47","8","15","8","2","11","1","1","0"
"Yoniel Curet","PHI","SP","10.4","9","0","0","4.95","1.54","6","10","6","1","5","2","1","0"
"Tejay Antone","CIN","RP","17.4","14","1","0","5.01","1.49","10","18","8","2","17","0","1","0"
"Brandon Waddell","NYM","RP","15.3","13","1","0","4.86","1.47","8","16","7","2","5","0","1","0"
"Jack Little","DET","RP","11.6","10","1","0","4.27","1.34","6","11","5","1","8","0","1","0"
"Jake Miller","CLE","RP","9.4","7","1","0","4.76","1.44","5","10","4","1","9","0","1","0"
"Casey Lawrence","SEA","SP","8.2","4","0","0","5.34","1.43","5","10","2","1","2","2","1","0"
"Braden Nett","ATH","SP","27.9","23","1","0","4.91","1.51","15","28","14","4","15","3","2","0"
"Ben Bowden","ATH","RP","12.1","13","1","0","4.48","1.49","6","11","8","1","14","0","1","0"
"Jose De Leon","","SP,RP","29.2","28","1","1","5.24","1.61","17","30","18","5","6","6","2","0"
"Luis Guerrero","TB","RP","22.0","20","1","0","4.92","1.51","12","20","13","3","20","0","1","0"
"Enmanuel De Jesus","DET","SP","36.7","30","1","0","4.68","1.44","19","37","16","5","34","0","1","0"
"Gavin Collyer","TEX","RP","21.5","21","1","0","4.89","1.48","12","20","12","3","21","0","1","0"
"Jean Cabrera","PHI","SP","11.8","8","0","0","4.88","1.47","6","12","5","1","3","3","1","0"
"Sam Long","","RP","22.5","21","1","0","4.99","1.53","13","23","12","4","22","0","2","0"
"Anthony Molina","ATL","RP","19.7","14","1","0","5.36","1.57","12","23","8","3","11","0","1","0"
"Jairo Iriarte","CWS","SP,RP","11.2","9","0","0","5.40","1.69","7","11","8","2","10","0","1","0"
"Julian Merryweather","MIN","RP","8.6","8","0","0","5.28","1.50","5","9","4","1","9","0","0","0"
"Freddy Tarnok","","SP,RP","12.6","12","1","0","4.65","1.43","7","11","7","2","7","1","1","0"
"Isaiah Campbell","ARI","RP","16.4","12","1","0","4.69","1.45","9","18","6","2","14","0","1","0"
"Victor Mederos","LAA","SP","22.3","17","1","0","4.96","1.47","12","23","10","3","19","0","1","0"
"Jurrangelo Cijntje","STL","SP","16.6","13","1","0","4.62","1.45","9","17","8","3","4","4","1","0"
"Nate Lavender","NYM","RP","14.2","15","1","0","4.74","1.44","8","13","8","2","14","0","1","0"
"Zach Brzykcy","MIA","RP","15.8","15","1","0","4.95","1.56","9","16","9","2","17","0","1","0"
"Riley Cornelio","WSH","SP","14.3","10","1","0","5.31","1.53","8","15","7","2","7","2","1","0"
"Juan Sanchez","SF","RP","14.0","13","1","0","4.77","1.49","7","14","7","2","14","0","1","0"
"McCade Brown","COL","SP","26.7","25","1","0","5.21","1.46","15","27","12","4","9","4","2","0"
"Carson Palmquist","COL","SP","23.7","22","1","0","5.17","1.51","14","24","12","4","18","1","2","0"
"Gabriel Hughes","COL","SP","25.6","18","1","0","5.10","1.48","14","29","9","4","18","2","2","0"
"Carlos Carrasco","ATL","SP","12.2","9","1","0","5.31","1.49","7","14","5","2","3","3","1","0"
"Max Kranick","","RP","4.8","4","1","0","3.75","1.25","2","5","2","1","4","0","0","0"
"Valente Bellozo","COL","SP,RP","12.7","9","0","0","5.06","1.42","7","14","4","2","10","1","1","0"
"Yunior Marte","CIN","RP","13.2","12","1","0","4.96","1.46","7","13","6","2","13","0","1","0"
"Thomas Hatch","ARI","RP","15.9","12","1","0","4.92","1.45","9","17","6","2","7","0","1","0"
"Travis Sykora","WSH","SP","16.5","17","1","0","4.91","1.58","9","16","11","2","16","1","1","0"
"Matt Krook","ATH","RP","9.6","10","1","0","4.70","1.57","5","8","8","1","9","0","1","0"
"Nick Hernandez","ATH","RP","8.3","9","0","0","5.03","1.41","5","8","4","1","7","0","0","0"
"Lucas Sims","CWS","RP","15.2","15","0","0","5.22","1.53","9","13","10","2","16","0","1","0"
"Bradley Blalock","MIA","SP","20.5","14","1","0","5.20","1.53","12","23","9","3","16","1","1","0"
"Elvin Rodriguez","","RP","11.6","9","1","0","5.04","1.46","7","13","4","2","3","3","1","0"
"Austin Pope","ATL","RP","8.6","9","1","0","4.72","1.57","5","9","5","1","5","0","1","0"
"Connor Seabold","TOR","SP,RP","13.4","11","1","0","4.90","1.42","7","14","5","3","11","0","1","0"
"Ky Bush","CWS","SP","14.5","10","1","0","5.20","1.54","8","15","8","2","4","3","1","0"
"Connor Thomas","MIL","RP","9.4","7","1","0","4.79","1.49","5","11","4","2","4","1","1","0"
"Andry Lara","WSH","RP","23.8","18","1","0","4.88","1.50","13","25","11","3","15","0","1","0"
"Tyler Zuber","MIA","RP","11.6","12","1","0","5.43","1.55","7","12","7","2","10","0","1","0"
"Alexander Alberto","CWS","RP","23.5","19","1","0","5.12","1.59","13","24","14","3","23","0","2","0"
"Austin Cox","","RP","16.3","15","1","0","5.25","1.57","10","17","9","3","10","0","1","0"
"Carson Ragsdale","","SP,RP","13.9","12","1","0","5.18","1.58","8","14","9","3","5","1","1","0"
"Anthony Maldonado","HOU","RP","11.1","11","1","0","5.26","1.57","7","11","7","2","11","0","1","0"
"Luis Peralta","COL","RP","30.6","29","1","0","5.26","1.61","18","32","18","5","32","0","2","0"
"Anthony Veneziano","","RP","15.3","13","1","0","4.71","1.60","8","16","9","2","15","1","1","0"
"Jack Kochanowicz","LAA","SP","45.6","29","2","0","4.97","1.48","25","49","18","6","26","4","3","0"
"Darren McCaughan","CIN","SP,RP","11.1","9","1","0","5.28","1.44","7","13","4","3","4","1","1","0"
"Wilmer Flores","","RP","1.5","1","0","0","6.21","1.38","1","2","1","0","1","1","0","0"
"Antonio Senzatela","COL","SP","81.8","50","3","0","5.50","1.58","50","101","28","13","45","6","5","0"
"Beau Burrows","PIT","RP","14.3","12","1","0","5.04","1.58","8","14","9","3","14","0","1","0"
"Jake Woodford","TB","RP","19.2","15","1","0","5.17","1.54","11","21","9","3","11","1","1","0"
"Davis Daniel","CIN","SP,RP","19.3","15","1","0","5.38","1.53","12","21","9","4","6","2","2","0"
"Omar Cruz","SD","SP,RP","12.7","13","1","0","5.30","1.69","8","12","10","2","6","1","1","0"
"Sean Sullivan","COL","","8.6","6","0","0","5.27","1.42","5","10","3","1","2","2","1","0"
"Sean Reynolds","","RP","15.6","14","1","0","4.90","1.66","9","14","13","2","13","0","1","0"
"Sem Robberse","STL","SP","12.3","9","1","0","5.14","1.63","7","14","7","2","10","1","1","0"
"Jared Shuster","STL","RP","11.8","9","1","0","5.34","1.65","7","14","6","2","7","1","1","0"
"Alec Marsh","KC","SP","2.3","2","0","0","3.90","1.52","1","3","1","1","1","1","0","0"
"Eduardo Salazar","MIN","RP","13.6","11","1","0","5.28","1.69","8","15","8","2","14","0","1","0"
"Michael Mercado","PHI","RP","7.8","7","1","0","5.22","1.74","5","8","6","1","6","0","1","0"
"Owen White","","SP","11.8","8","1","0","5.32","1.69","7","13","8","2","6","1","1","0"
"Hayden Durke","ARI","RP","13.5","13","1","0","4.49","1.53","7","12","9","2","14","0","1","0"
"Nick Frasso","LAD","SP,RP","10.7","8","1","0","5.49","1.78","7","11","8","2","11","1","1","0"
"Shelby Miller","CHC","RP","3.4","4","0","0","3.84","1.20","1","3","1","0","3","0","0","0"
"Nestor German","BAL","SP","2.2","2","0","0","4.04","1.35","1","2","1","1","1","1","0","0"
"Nathan Wiles","","SP","5.9","5","0","0","4.57","1.44","3","7","2","1","6","1","1","0"
"Levi Wells","BAL","SP","1.8","2","0","0","5.10","1.70","1","2","1","1","1","1","0","0"
"Michael Arias","NYY","RP","12.5","13","1","0","5.77","2.04","8","12","14","2","11","0","1","0"
"Casey Kelly","","SP","10.2","5","1","0","6.18","1.86","7","13","6","2","5","1","1","0"
"Logan Allen","CLE","SP","121.1","97","6","0","4.56","1.41","61","124","47","17","27","22","8","0"
"Luis Garcia","","SP","35.8","36","2","0","4.12","1.25","16","33","12","5","22","5","2","0"
"Luis Gastelum","STL","RP","24.3","23","1","0","3.93","1.29","11","23","8","3","24","0","1","0"
"Hagen Danner","CIN","RP","15.5","14","1","0","4.36","1.38","8","16","6","2","16","0","1","0"
"Caleb Kilian","SF","RP","20.0","15","1","0","4.41","1.38","10","21","7","2","20","0","1","0"
"Peter Lambert","HOU","RP","12.0","11","1","0","4.64","1.44","6","12","5","2","12","0","0","0"
"Christian Montes De Oca","ARI","RP","12.2","10","1","0","4.81","1.40","7","13","5","2","5","0","1","0"
"Shaun Anderson","LAA","SP,RP","8.5","6","0","0","4.63","1.39","4","10","2","2","7","1","0","0"
"Tayron Guerrero","BOS","RP","35.4","29","1","0","5.06","1.55","20","39","16","5","35","0","1","0"
"Eric Torres","BAL","RP","6.0","6","0","0","4.98","1.60","3","6","4","1","6","0","0","0"
"Noah Song","BOS","RP","12.0","10","0","0","5.20","1.57","7","13","6","2","12","0","1","0"